Accession,NumUnusuals
AB078678,0
AB078679,0
AB078680,0
AB078681,3
AB078682,0
AB078683,0
AB078684,0
AB078685,4
AB078686,1
AB078687,0
AB078688,1
AB078689,0
AB078690,1
AB078691,0
AB078692,1
AB078693,1
AB078694,0
AB078695,1
AB078696,0
AB078697,1
AB078698,0
AB078699,0
AB078700,0
AB078701,0
AB078702,0
AB078703,3
AB078704,1
AB078705,0
AB078706,3
AB078707,5
AB078708,1
AB078709,4
AB078710,0
AB078711,1
AB078712,0
AB078713,0
AB078715,6
AB078716,3
AB097865,1
AB097866,2
AB097867,2
AB097868,1
AB097869,1
AB097870,2
AB097871,1
AB097872,0
AB097873,4
AB213667,0
AB213668,0
AB213669,1
AB213670,1
AB213671,1
AB213672,0
AB213673,0
AB213674,0
AB213675,0
AB213676,0
AB213677,1
AB213678,1
AB213679,0
AB213680,6
AB213681,1
AB213682,1
AB213683,0
AB213684,0
AB213685,0
AB213686,2
AB213687,1
AB213688,1
AB213689,0
AB213690,0
AB213691,0
AB213692,0
AB428551,0
AB428552,0
AB428553,0
AB428554,0
AB428555,0
AB428556,1
AB428557,1
AB428558,0
AB428559,1
AB428560,0
AB428561,1
AB428562,1
AB703607,1
AB703608,1
AB703609,0
AB703610,0
AB703611,0
AB703612,0
AB703613,0
AB703614,0
AB703615,0
AB703616,0
AB845344,0
AB845345,0
AB845346,0
AB845347,0
AB845348,0
AB845349,0
AB859012,0
AB873205,1
AB873206,0
AB873207,1
AB873208,1
AB873209,0
AB873210,1
AB873211,0
AB873212,0
AB873213,0
AB873214,0
AB873215,0
AB873216,0
AB873217,0
AB873218,0
AB873219,0
AB873220,0
AB873221,2
AB873222,0
AB873223,1
AB873224,1
AB873225,0
AB873226,0
AB873227,0
AB873228,0
AB873229,0
AB873230,1
AB873231,0
AB873232,0
AB873233,0
AB873234,1
AB873235,1
AB873236,1
AB873237,1
AB873238,0
AB873239,0
AB873240,0
AB873241,0
AB873242,0
AB873243,0
AB873244,0
AB873245,0
AB873246,1
AB873247,0
AB873248,0
AB873249,1
AB873250,0
AB873251,0
AB873252,0
AB873253,0
AB873254,0
AB873255,2
AB873256,1
AB873257,2
AB873258,1
AB873259,1
AB873260,2
AB873261,0
AB873262,0
AB873263,0
AB873264,0
AB873265,0
AB873266,0
AB873267,0
AB873268,0
AB873269,1
AB873270,0
AB873271,0
AB873272,1
AB873273,0
AB873274,0
AB873275,0
AB873276,1
AB873277,0
AB873278,1
AB873279,0
AB873280,0
AB873281,1
AB873282,0
AB873283,0
AB873284,7
AB873285,0
AB873286,1
AB873287,0
AB873288,0
AB873289,2
AB873290,0
AB873291,0
AB873292,0
AB873293,0
AB873294,1
AB873295,0
AB873296,0
AB873297,4
AB873298,0
AB873299,0
AB873300,0
AB873301,0
AB873302,0
AB873303,0
AB873304,1
AB873305,0
AB873306,0
AB873307,1
AB873308,0
AB873309,0
AB873310,0
AB873311,0
AB873312,0
AB873313,2
AB873314,2
AB873315,3
AB873316,0
AB873317,0
AB873318,0
AB873319,0
AB873320,1
AB873321,1
AB873322,1
AB873323,6
AB873324,1
AB873325,0
AB873326,1
AB873327,1
AB873328,1
AB873329,1
AB873330,0
AB873331,0
AB873332,0
AB873333,0
AB873334,0
AB873335,0
AB873336,0
AB873337,0
AB873338,0
AB873339,1
AB873340,1
AB873341,1
AB873342,0
AB873343,0
AB873344,0
AB873345,0
AB873346,0
AB873347,0
AB873348,1
AB873349,0
AB873350,0
AB873351,2
AB873352,0
AB873353,0
AB873354,0
AB873355,0
AB873356,0
AB873357,0
AB873358,0
AB873359,0
AB873360,0
AB873361,0
AB873362,2
AB873363,0
AB873364,0
AB873365,2
AB873366,0
AB873367,0
AB873368,1
AB873369,0
AB873370,0
AB873371,1
AB873372,0
AB873373,0
AB873374,1
AB873375,0
AB873376,0
AB873377,0
AB873378,0
AB873379,0
AB873380,1
AB873381,0
AB873382,3
AB873383,2
AB873384,0
AB873385,0
AB873386,0
AB873387,0
AB873388,1
AB873389,2
AB873390,1
AB873391,0
AB873392,1
AB873393,0
AB873394,0
AB873395,1
AB873396,0
AB873397,0
AB873398,0
AB873399,0
AB873400,0
AB873401,1
AB873402,0
AB873403,1
AB873404,0
AB873405,1
AB873406,0
AB873407,2
AB873408,2
AB873409,2
AB873410,0
AB873411,0
AB873412,4
AB873413,0
AB873414,2
AB873415,0
AB873416,1
AB873417,0
AB873418,0
AB873419,1
AB873420,0
AB873421,0
AB873422,0
AB873423,1
AB873424,0
AB873425,0
AB873426,1
AB873427,0
AB873428,3
AB873429,1
AB873430,0
AB873431,1
AB873432,0
AB873433,0
AB873434,0
AB873435,1
AB873436,0
AB873437,0
AB873438,1
AB873439,1
AB873440,0
AB873441,2
AB873442,0
AB873443,0
AB873444,0
AB873445,0
AB873446,1
AB873447,5
AB873448,0
AB873449,1
AB873450,1
AB873451,5
AB873452,2
AB873453,2
AB873454,2
AB873455,0
AB873456,0
AB873457,0
AB873458,0
AB873459,0
AB873460,0
AB873461,1
AB873462,0
AB873463,2
AB873464,1
AB873465,0
AB873466,0
AB873467,0
AB873468,1
AB873469,0
AB873470,0
AB873471,1
AB873472,5
AB873473,2
AB873474,0
AB873475,2
AB873476,1
AB873477,0
AB873478,1
AB873479,3
AB873480,0
AB873481,0
AB873482,0
AB873483,1
AB873484,0
AB873485,3
AB873486,1
AB873487,0
AB873488,2
AB873489,0
AB873490,3
AB873491,0
AB873492,2
AB873493,0
AB873494,0
AB873495,0
AB873496,0
AB873497,1
AB873498,2
AB873499,1
AB873500,7
AB873501,0
AB873502,1
AB873503,0
AB873504,1
AB873505,2
AB873506,3
AB873507,0
AB873508,1
AB873509,0
AB873510,0
AB873511,0
AB873512,0
AB873513,2
AB873514,0
AB873515,1
AB873516,0
AB873517,1
AB873518,0
AB873519,0
AB873520,0
AB873521,0
AB873522,0
AB873523,1
AB873524,0
AB873525,1
AB873526,1
AB873527,0
AB873528,0
AB873529,0
AB873530,0
AB873531,0
AB873532,0
AB873533,0
AB873534,0
AB873535,0
AB873536,1
AB873537,1
AB873538,0
AB873539,0
AB873540,0
AB873541,1
AB873542,0
AB873543,1
AB873544,1
AB873545,0
AB873546,1
AB873547,1
AB873548,1
AB873549,0
AB873550,0
AB873551,0
AB873552,1
AB873553,1
AB873554,0
AB873555,0
AB873556,0
AB873557,0
AB873558,0
AB873559,1
AB873560,0
AB873561,0
AB873562,0
AB873563,0
AB873564,1
AB873565,0
AB873566,4
AB873567,1
AB873568,1
AB873569,0
AB873570,0
AB873571,0
AB873572,0
AB873573,0
AB873574,1
AB873575,0
AB873576,0
AB873577,0
AB873578,1
AB873579,1
AB873580,0
AB873581,1
AB873582,0
AB873583,1
AB873584,0
AB873585,0
AB873586,1
AB873587,0
AB873588,0
AB873589,0
AB873590,1
AB873591,2
AB873592,1
AB873593,0
AB873594,1
AB873595,0
AB873596,0
AB873597,1
AB873598,3
AB873599,0
AB873600,1
AB873601,1
AF005494,1
AF005495,1
AF005496,0
AF067154,1
AF067155,0
AF067156,0
AF067157,0
AF067158,0
AF067159,1
AF075703,1
AF076998,1
AF077336,1
AF110959,6
AF110962,0
AF110967,2
AF110969,3
AF110972,1
AF110973,3
AF110976,2
AF110979,4
AF193253,1
AF332867,0
AF408626,7
AF408627,7
AF408628,4
AF408629,0
AF408630,0
AF408631,0
AF408632,3
AF411964,1
AF411965,0
AF411966,1
AF411967,1
AF442566,1
AF442569,2
AF442570,5
AF443075,3
AF443076,2
AF443077,1
AF443078,1
AF443080,2
AF443081,1
AF443082,2
AF443083,1
AF443084,1
AF443085,2
AF443086,3
AF443087,2
AF443088,0
AF443089,1
AF443090,0
AF443091,1
AF443092,0
AF443093,2
AF443094,0
AF443095,0
AF443096,0
AF443097,0
AF443099,0
AF443100,0
AF443101,2
AF443102,0
AF443103,2
AF443104,0
AF443105,5
AF443106,4
AF443107,1
AF443108,2
AF443109,0
AF443110,0
AF443111,1
AF443112,0
AF443113,0
AF443114,1
AF443115,4
AF460972,2
AF492623,2
AF492624,0
AF533118,1
AF533119,1
AF533120,1
AF533121,1
AF533122,0
AF533123,0
AF533124,0
AF533125,0
AF533126,0
AF533127,0
AF533128,1
AF533129,1
AF533130,0
AF533131,0
AF533132,0
AF533133,0
AF533134,2
AF533135,0
AF533136,3
AF533137,3
AF533138,3
AF533139,9
AF533140,1
AF533141,2
AJ249235,1
AJ249236,0
AJ249237,2
AJ249238,1
AJ249239,0
AJ866555,0
AJ866556,0
AJ866557,3
AJ866558,0
AY043173,0
AY043174,1
AY043176,0
AY093603,0
AY093604,0
AY093605,3
AY158533,2
AY158534,0
AY158535,0
AY173951,0
AY173952,0
AY173954,0
AY173955,0
AY173957,0
AY275555,0
AY275556,0
AY275557,3
AY322184,0
AY322187,1
AY322189,3
AY322190,1
AY322191,0
AY322193,0
AY331282,0
AY331284,0
AY331285,1
AY331287,0
AY331289,1
AY331292,1
AY331296,0
AY463217,2
AY463218,1
AY463219,0
AY463220,1
AY463221,0
AY463222,1
AY463223,0
AY463224,3
AY463225,2
AY463226,0
AY463227,1
AY463228,1
AY463229,3
AY463230,0
AY463231,0
AY463232,0
AY463233,2
AY463234,2
AY463236,2
AY463237,2
AY484419,1
AY484420,1
AY484421,0
AY484422,0
AY484423,1
AY484424,0
AY535659,5
AY535660,3
AY536233,1
AY536234,1
AY536235,6
AY536236,0
AY536237,1
AY536238,0
AY585264,3
AY585265,0
AY585266,2
AY585267,0
AY585268,0
AY703909,3
AY703910,0
AY703911,2
AY751406,1
AY751407,0
AY772690,3
AY772691,4
AY772692,2
AY772693,1
AY772694,0
AY772695,3
AY772696,3
AY772698,2
AY772699,2
AY772700,2
AY773338,2
AY773340,23
AY773341,2
AY786790,2
AY786800,1
AY786830,0
AY786840,2
AY786870,1
AY786880,2
AY786910,4
AY786920,1
AY786952,0
AY786962,4
AY819715,1
AY838569,0
AY838570,0
AY838571,0
AY838572,0
AY838573,0
AY838574,0
AY838575,0
AY838576,0
AY838577,0
AY838578,0
AY838579,0
AY838580,0
AY838581,0
AY838582,0
AY838583,0
AY838584,1
AY838585,3
AY838586,2
AY838587,0
AY838589,1
AY838590,0
AY838591,0
AY838592,1
AY838593,1
AY838594,0
AY838595,0
AY838596,0
AY838597,1
AY838598,0
AY838599,1
AY838600,1
AY838601,2
AY838602,1
AY838603,0
AY838604,1
AY838605,0
AY838606,1
AY838607,0
AY838608,0
AY838609,0
AY838610,0
AY838611,1
AY838612,1
AY838613,2
AY838614,1
AY838615,1
AY838616,0
AY838617,0
AY838618,1
AY838619,1
AY838620,0
AY838621,0
AY838622,1
AY838623,0
AY838624,2
AY838625,0
AY838626,1
AY838627,1
AY838628,0
AY838629,0
AY838630,0
AY838631,0
AY838632,0
AY838633,0
AY838634,0
AY838635,0
AY838636,0
AY838637,0
AY838638,0
AY856957,3
AY856962,2
AY856965,4
AY856966,2
AY856967,5
AY856970,2
AY856974,4
AY856980,0
AY856985,1
AY856986,1
AY856988,2
AY856989,5
AY857000,2
AY857001,2
AY857003,1
AY857007,3
AY857010,2
AY857011,2
AY857013,0
AY857014,4
AY857018,1
AY857019,2
AY857022,0
AY857026,1
AY857034,1
AY857037,0
AY857041,1
AY857044,0
AY857045,0
AY857049,1
AY857060,3
AY857068,5
AY857070,0
AY857071,0
AY857075,2
AY857076,1
AY857084,1
AY857086,3
AY857089,1
AY857100,1
AY857103,0
AY857108,0
AY857110,0
AY857115,4
AY857119,6
AY857123,3
AY857124,1
AY857125,1
AY857128,0
AY857132,4
AY857133,2
AY857136,3
AY857137,0
AY857138,1
AY857144,0
AY857148,1
AY857150,0
AY857151,2
AY857153,0
AY857160,2
AY857162,2
AY857163,2
AY857165,2
AY857166,3
AY857170,2
AY857171,1
AY857174,0
AY857175,0
AY857176,1
AY857180,1
AY857185,4
AY878054,1
AY878055,1
AY878056,1
AY878057,2
AY878058,2
AY878059,0
AY878060,3
AY878061,2
AY878062,1
AY878064,3
AY878065,1
AY878066,2
AY878067,2
AY878068,1
AY878070,0
AY878071,1
AY878072,4
AY901965,0
AY901966,4
AY901967,0
AY901968,0
AY901969,0
AY901970,1
AY901971,1
AY901973,1
AY901974,0
AY901975,1
AY901976,0
AY901977,0
AY901979,2
AY901980,2
AY901981,4
AY967803,2
AY967804,1
AY967805,0
AY967806,0
DQ011166,0
DQ011167,1
DQ011168,0
DQ011170,3
DQ011171,1
DQ011172,2
DQ011173,0
DQ011174,1
DQ011175,2
DQ011176,3
DQ011177,1
DQ011178,1
DQ011179,1
DQ011180,0
DQ056404,2
DQ056405,0
DQ056406,0
DQ056408,0
DQ056409,4
DQ056410,3
DQ056411,1
DQ056412,0
DQ056414,2
DQ056415,0
DQ056416,3
DQ056417,1
DQ056418,2
DQ085867,4
DQ085868,2
DQ085869,0
DQ085870,1
DQ085871,3
DQ085872,0
DQ085873,0
DQ085874,14
DQ085875,0
DQ085876,0
DQ093585,1
DQ093586,1
DQ093587,1
DQ093588,1
DQ093589,4
DQ093590,3
DQ093591,0
DQ093592,2
DQ093593,1
DQ093594,2
DQ093595,0
DQ093596,0
DQ093597,0
DQ093598,1
DQ093599,0
DQ093600,2
DQ093601,2
DQ093602,1
DQ093603,2
DQ093604,0
DQ093605,0
DQ093606,1
DQ093607,1
DQ127534,0
DQ127537,0
DQ127542,0
DQ127548,0
DQ164104,2
DQ164106,2
DQ164107,2
DQ164108,2
DQ164109,1
DQ164110,1
DQ164111,1
DQ164113,1
DQ164114,0
DQ164115,1
DQ164117,1
DQ164118,3
DQ164119,0
DQ164120,0
DQ164121,2
DQ164122,1
DQ164126,2
DQ164127,1
DQ164129,0
DQ167215,3
DQ167216,1
DQ275642,1
DQ275643,0
DQ275644,2
DQ275645,0
DQ275646,0
DQ275647,2
DQ275649,3
DQ275650,4
DQ275651,0
DQ275652,1
DQ275654,0
DQ275655,0
DQ275656,2
DQ275657,1
DQ275658,1
DQ275659,2
DQ275660,3
DQ275661,1
DQ275662,1
DQ275664,2
DQ351216,0
DQ351217,2
DQ351219,0
DQ351221,1
DQ351222,0
DQ351223,2
DQ351225,3
DQ351226,4
DQ351227,0
DQ351229,0
DQ351230,0
DQ351231,1
DQ351232,2
DQ351234,0
DQ351236,1
DQ351237,3
DQ351238,1
DQ366659,1
DQ366660,0
DQ366661,0
DQ366662,1
DQ366663,0
DQ366664,1
DQ366665,1
DQ366666,0
DQ369976,2
DQ369977,1
DQ369979,4
DQ369980,0
DQ369981,1
DQ369982,1
DQ369983,0
DQ369984,0
DQ369985,2
DQ369986,0
DQ369987,2
DQ369988,0
DQ369989,0
DQ369990,1
DQ369991,1
DQ369992,1
DQ369993,2
DQ369994,1
DQ369995,1
DQ369997,2
DQ369998,4
DQ396364,1
DQ396367,2
DQ396368,2
DQ396369,0
DQ396370,0
DQ396371,0
DQ396372,0
DQ396373,2
DQ396374,3
DQ396375,1
DQ396376,0
DQ396377,0
DQ396378,0
DQ396379,0
DQ396380,1
DQ396381,3
DQ396382,1
DQ396383,1
DQ396384,1
DQ396385,0
DQ396386,0
DQ396387,0
DQ396389,1
DQ396390,0
DQ396391,2
DQ396392,0
DQ396393,0
DQ396394,1
DQ396395,0
DQ396398,3
DQ396399,1
DQ396400,7
DQ445632,1
DQ445633,3
DQ445634,1
DQ445635,1
DQ445636,1
DQ676870,2
DQ676872,0
DQ676874,1
DQ676877,0
DQ676880,1
DQ676883,0
DQ676886,4
DQ792982,0
DQ792983,0
DQ792984,1
DQ792985,0
DQ792986,1
DQ792987,0
DQ792988,0
DQ792990,1
DQ792991,0
DQ792992,1
DQ792993,0
DQ792994,0
DQ792995,0
DQ792996,0
DQ792997,0
DQ792998,0
DQ792999,0
DQ793000,3
DQ793001,2
DQ793002,1
DQ793003,2
DQ793004,0
DQ793005,0
DQ793006,0
DQ793007,0
DQ793008,0
DQ793009,1
DQ793010,1
DQ793011,0
DQ793012,3
DQ793013,0
DQ793014,0
DQ793015,1
DQ793016,0
DQ793017,1
DQ793018,0
DQ793019,0
DQ793020,0
DQ793021,1
DQ793022,1
DQ793023,1
DQ793024,0
DQ793025,0
DQ793027,3
DQ793028,0
DQ793029,2
DQ793030,1
DQ793031,0
DQ793032,1
DQ793033,0
DQ793034,0
DQ793035,0
DQ793036,1
DQ793037,0
DQ793038,0
DQ793039,0
DQ793040,0
DQ793041,0
DQ793042,0
DQ793043,0
DQ793044,0
DQ793045,0
DQ859178,1
DQ859179,3
DQ859180,4
DQ996244,1
DQ996248,2
DQ996250,0
DQ996252,0
DQ996254,0
EF036527,4
EF036528,2
EF036529,2
EF036530,2
EF036531,3
EF036532,2
EF036533,3
EF036534,2
EF036535,0
EF122502,0
EF122503,1
EF122504,0
EF122505,1
EF122506,2
EF122507,0
EF122508,4
EF122509,0
EF122510,4
EF122511,1
EF122512,5
EF122513,2
EF122514,0
EF122515,0
EF122516,0
EF122517,0
EF122518,0
EF122519,9
EF122520,0
EF122522,1
EF122523,2
EF122524,3
EF122526,2
EF122527,0
EF122528,1
EF122529,3
EF122530,1
EF122531,0
EF122532,1
EF122533,0
EF122534,0
EF122535,1
EF122536,1
EF122537,1
EF122538,1
EF122539,1
EF122540,0
EF122541,0
EF122542,1
EF122543,0
EF122544,1
EF122545,0
EF122559,1
EF363122,0
EF363124,0
EF363125,0
EF363127,0
EF370293,3
EF370299,1
EF370303,2
EF370322,18
EF370326,0
EF370338,0
EF370360,2
EF370365,4
EF370373,2
EF370375,1
EF370378,5
EF370386,2
EF514697,0
EF514698,0
EF514699,0
EF514700,0
EF514701,1
EF514702,0
EF514703,0
EF514704,0
EF514705,1
EF514706,0
EF514707,0
EF514708,0
EF514709,1
EF514710,0
EF514711,0
EF514712,0
EF514713,2
EF637046,0
EF637047,0
EF637048,1
EF637049,0
EF637050,0
EF637051,1
EF637052,0
EF637053,0
EF637054,0
EF637055,0
EF637056,0
EF637057,0
EU110086,1
EU110087,1
EU110088,1
EU110089,0
EU110090,1
EU110091,1
EU110092,1
EU110093,1
EU110094,1
EU170135,1
EU170136,0
EU170138,1
EU170139,0
EU170140,0
EU170142,1
EU170143,0
EU170144,1
EU170145,0
EU170146,0
EU170147,1
EU170148,1
EU170149,0
EU170150,1
EU170151,0
EU170152,0
EU170153,1
EU170154,0
EU170155,0
EU293444,0
EU293446,0
EU293447,7
EU293448,0
EU293449,0
EU293450,1
EU342791,1
EU342796,1
EU342801,0
EU342804,1
EU342807,0
EU342808,0
EU342809,0
EU342810,0
EU342811,2
EU342813,1
EU347635,0
EU347638,0
EU347644,0
EU347648,0
EU347653,3
EU347658,1
EU347662,2
EU347667,0
EU347672,1
EU347676,0
EU347681,0
EU347685,0
EU347688,1
EU347691,1
EU347694,5
EU347697,1
EU347700,1
EU347703,2
EU347706,2
EU347709,1
EU347712,2
EU517762,0
EU517763,1
EU517764,0
EU517765,0
EU517766,0
EU517767,0
EU517768,0
EU517770,0
EU517771,0
EU517772,1
EU517773,1
EU517774,0
EU517775,1
EU517776,0
EU517777,2
EU517778,1
EU517779,0
EU517780,0
EU517781,0
EU517782,0
EU517783,0
EU517784,0
EU517785,2
EU517786,0
EU517787,1
EU517788,0
EU517789,0
EU517790,0
EU517791,0
EU517792,0
EU517793,0
EU517794,2
EU517795,2
EU517796,0
EU517797,0
EU517798,0
EU517799,0
EU517800,2
EU517801,0
EU517802,0
EU517803,0
EU517804,0
EU517805,0
EU517806,0
EU517807,0
EU517808,0
EU517809,1
EU517810,0
EU517811,1
EU517812,2
EU517813,1
EU517814,1
EU673412,0
EU673413,5
EU673414,3
EU673416,0
EU673417,1
EU673418,4
EU673419,12
EU673420,10
EU673421,0
EU673422,3
EU673423,8
EU673424,2
EU673425,1
EU673426,0
EU673427,0
EU673428,17
EU673430,1
EU673431,3
EU673432,5
EU673433,30
EU673434,1
EU673435,39
EU673436,0
EU673437,0
EU673439,29
EU673440,0
EU673441,3
EU673442,1
EU673443,0
EU673444,5
EU673445,4
EU673446,1
EU673447,0
EU786670,0
EU786671,0
EU786672,0
EU786673,0
EU786674,1
EU786675,0
EU786676,0
EU786678,0
EU786679,0
EU786680,1
EU786681,0
EU787513,0
EU864043,0
EU864044,0
EU864045,0
EU864046,2
EU864047,0
EU864048,1
EU864049,0
EU864050,0
EU864051,0
EU864052,0
EU864053,0
EU864054,2
EU864055,0
EU864056,0
EU864057,2
EU864058,1
EU864060,2
EU864061,0
EU864062,1
EU864063,0
EU864064,0
EU864065,1
EU864066,0
EU864067,1
EU864068,1
EU864069,0
EU864070,0
EU864071,0
EU864073,0
EU864074,0
EU864076,0
EU864077,2
EU864078,0
EU864079,0
EU864080,0
EU864081,2
EU864082,0
EU873002,0
EU873003,1
EU873005,3
EU884500,3
EU884501,3
FJ179456,0
FJ179457,1
FJ179458,0
FJ179459,0
FJ185237,0
FJ185238,1
FJ185239,2
FJ185240,1
FJ185241,0
FJ185242,0
FJ185243,1
FJ185244,1
FJ185245,0
FJ185246,1
FJ185247,1
FJ185248,0
FJ185249,0
FJ185250,1
FJ185251,0
FJ185252,1
FJ185253,0
FJ185254,0
FJ185255,0
FJ185256,0
FJ185257,0
FJ185258,0
FJ185259,1
FJ185260,2
FJ195086,0
FJ195088,0
FJ195089,2
FJ195090,0
FJ195091,0
FJ198424,0
FJ198497,0
FJ198569,0
FJ198572,0
FJ198575,0
FJ198577,1
FJ198578,1
FJ198580,0
FJ198581,0
FJ198583,1
FJ198586,1
FJ198588,0
FJ198593,0
FJ198594,3
FJ198597,0
FJ198598,0
FJ198599,0
FJ198685,1
FJ198695,0
FJ198701,0
FJ198706,1
FJ198710,1
FJ198712,0
FJ198717,0
FJ198722,0
FJ198739,0
FJ198748,0
FJ198751,0
FJ198752,0
FJ198756,0
FJ198775,0
FJ198778,0
FJ198780,1
FJ198784,0
FJ198785,0
FJ198788,0
FJ198793,0
FJ198796,0
FJ198803,0
FJ198805,0
FJ198806,0
FJ198810,4
FJ198812,0
FJ198813,0
FJ198817,0
FJ198822,0
FJ198832,0
FJ198836,0
FJ198838,1
FJ198839,0
FJ198851,0
FJ198859,0
FJ198860,1
FJ198861,0
FJ198864,0
FJ198867,0
FJ198871,2
FJ198873,0
FJ198876,0
FJ198881,0
FJ198884,1
FJ198885,0
FJ198886,1
FJ198889,0
FJ198895,0
FJ198896,1
FJ198901,0
FJ198904,0
FJ198905,2
FJ198908,0
FJ198913,0
FJ198924,2
FJ198927,0
FJ198929,0
FJ198961,0
FJ199006,2
FJ387525,1
FJ387526,0
FJ387529,2
FJ387530,0
FJ387531,1
FJ387532,0
FJ387533,0
FJ387534,1
FJ387535,1
FJ387536,0
FJ387537,0
FJ387539,0
FJ387540,1
FJ387541,0
FJ389363,1
FJ389364,3
FJ389365,1
FJ389366,1
FJ389367,4
FJ469705,0
FJ469718,1
FJ469721,0
FJ469744,0
FJ469752,0
FJ469764,0
FJ495818,0
FJ495937,0
FJ496000,0
FJ496072,0
FJ496081,0
FJ496145,0
FJ496151,1
FJ496158,0
FJ496167,2
FJ496185,0
FJ496195,0
FJ496208,0
FJ606114,0
FJ606116,1
FJ606117,0
FJ606118,0
FJ606119,1
FJ606120,1
FJ606121,0
FJ606122,0
FJ606123,0
FJ606124,1
FJ606125,1
FJ606126,1
FJ606127,1
FJ606128,0
FJ606129,2
FJ606130,0
FJ606131,0
FJ606132,0
FJ606133,1
FJ606134,0
FJ606135,0
FJ606136,0
FJ606137,0
FJ606138,0
FJ606140,0
FJ606141,0
FJ606142,1
FJ606143,0
FJ606144,0
FJ606145,0
FJ606146,3
FJ606147,0
FJ606148,0
FJ606150,0
FJ606151,2
FJ606152,0
FJ606153,0
FJ606154,0
FJ606155,0
FJ606156,0
FJ606157,2
FJ606158,0
FJ606159,0
FJ606160,0
FJ606161,2
FJ606162,1
FJ606163,2
FJ606164,0
FJ606165,0
FJ606166,2
FJ606167,0
FJ606168,1
FJ606169,0
FJ606170,0
FJ606171,0
FJ606172,0
FJ606173,0
FJ606174,1
FJ606175,1
FJ606176,0
FJ606177,0
FJ606178,0
FJ606179,0
FJ606180,0
FJ606181,0
FJ606182,0
FJ606183,1
FJ606184,0
FJ606187,1
FJ606188,2
FJ606189,0
FJ606190,1
FJ606191,1
FJ606192,0
FJ606193,1
FJ606194,0
FJ606195,0
FJ606196,0
FJ606197,0
FJ606198,1
FJ606199,0
FJ606200,3
FJ606201,0
FJ606202,0
FJ606203,0
FJ606204,0
FJ606205,0
FJ606206,0
FJ606207,2
FJ606209,0
FJ606210,0
FJ606211,1
FJ606212,1
FJ606213,0
FJ606214,1
FJ606215,0
FJ606216,1
FJ606217,2
FJ606218,0
FJ606219,0
FJ606220,3
FJ606221,1
FJ606222,0
FJ606223,1
FJ606224,0
FJ606225,0
FJ606226,0
FJ606227,0
FJ606228,0
FJ606229,1
FJ606230,1
FJ606231,0
FJ606232,0
FJ606233,0
FJ606234,0
FJ606235,1
FJ606236,0
FJ606237,0
FJ606238,0
FJ606239,1
FJ606240,0
FJ606241,0
FJ606242,0
FJ606243,0
FJ606244,0
FJ606245,0
FJ606246,1
FJ606247,0
FJ606248,0
FJ606249,0
FJ606250,0
FJ606251,1
FJ606252,2
FJ606253,0
FJ606254,1
FJ606255,0
FJ606256,0
FJ606257,0
FJ606258,0
FJ606259,0
FJ606260,0
FJ606261,0
FJ606262,0
FJ606263,0
FJ606264,0
FJ606265,0
FJ606266,0
FJ606267,0
FJ606268,1
FJ606269,0
FJ606270,0
FJ606271,0
FJ606272,0
FJ606273,0
FJ606274,0
FJ606275,0
FJ606276,1
FJ606277,0
FJ606278,0
FJ606279,0
FJ606280,0
FJ606281,1
FJ606283,0
FJ606284,0
FJ606285,0
FJ606286,0
FJ606287,0
FJ606288,1
FJ606289,1
FJ606290,1
FJ606292,0
FJ606293,0
FJ606294,1
FJ606295,0
FJ606296,0
FJ606299,0
FJ606300,0
FJ606301,0
FJ606302,0
FJ606303,1
FJ606304,0
FJ606305,1
FJ606306,1
FJ606307,0
FJ606308,1
FJ606309,1
FJ606310,1
FJ606311,0
FJ606312,0
FJ606313,2
FJ606314,0
FJ606315,0
FJ606316,0
FJ606317,0
FJ606318,1
FJ606319,2
FJ606320,0
FJ606321,0
FJ606322,0
FJ606323,1
FJ606324,1
FJ606325,0
FJ606326,0
FJ606327,0
FJ606328,0
FJ606329,0
FJ606330,0
FJ606331,0
FJ606332,0
FJ606333,0
FJ606334,6
FJ606335,0
FJ606336,1
FJ606337,1
FJ606338,0
FJ606339,0
FJ606340,1
FJ606341,1
FJ606342,0
FJ606343,0
FJ606344,1
FJ606345,0
FJ606346,1
FJ606347,3
FJ606348,2
FJ606349,0
FJ606350,1
FJ606351,0
FJ606352,0
FJ606353,0
FJ606354,0
FJ606355,1
FJ606356,1
FJ606357,0
FJ606358,0
FJ606359,0
FJ606360,1
FJ606361,0
FJ606362,0
FJ606363,0
FJ606364,0
FJ606365,0
FJ606366,0
FJ606367,0
FJ606368,0
FJ606369,2
FJ606370,2
FJ606371,0
FJ606372,0
FJ606373,0
FJ606374,0
FJ606375,0
FJ606376,0
FJ606378,0
FJ606379,0
FJ606381,3
FJ606382,0
FJ606383,1
FJ606384,1
FJ606385,0
FJ606386,1
FJ606387,0
FJ606388,1
FJ606389,0
FJ606390,0
FJ606391,0
FJ606392,0
FJ606393,1
FJ606395,0
FJ606396,3
FJ606397,1
FJ606398,3
FJ606399,0
FJ606400,1
FJ606401,0
FJ606402,0
FJ606403,0
FJ606404,1
FJ606405,0
FJ606406,0
FJ606407,0
FJ606409,0
FJ606410,0
FJ606411,0
FJ606413,0
FJ606414,0
FJ606415,1
FJ606416,1
FJ606417,0
FJ606418,1
FJ606419,1
FJ606420,1
FJ606421,0
FJ606422,1
FJ606423,0
FJ606425,0
FJ606426,0
FJ606427,0
FJ606428,0
FJ606429,0
FJ606430,0
FJ606431,0
FJ606432,0
FJ606433,0
FJ606434,0
FJ606435,0
FJ606436,0
FJ606437,1
FJ606438,0
FJ606439,0
FJ606440,0
FJ606441,1
FJ606442,0
FJ606443,1
FJ606444,0
FJ606445,1
FJ606446,1
FJ623475,3
FJ623476,1
FJ623477,2
FJ623478,1
FJ623479,1
FJ623480,0
FJ623481,0
FJ623482,1
FJ623483,1
FJ623484,1
FJ623485,0
FJ623486,0
FJ623487,0
FJ623488,3
FJ623489,1
FJ623491,1
FJ623492,0
FJ623493,1
FJ623494,2
FJ623495,1
FJ667208,1
FJ667209,0
FJ667211,0
FJ667212,0
FJ667213,1
FJ667214,1
FJ667215,1
FJ667217,0
FJ667218,0
FJ667223,0
FJ667224,1
FJ667225,2
FJ667229,1
FJ667230,0
FJ667231,0
FJ667232,1
FJ667233,1
FJ667234,0
FJ667235,2
FJ667236,0
FJ667237,0
FJ667238,1
FJ667239,0
FJ667240,0
FJ667241,2
FJ667242,1
FJ667243,0
FJ667244,0
FJ667245,1
FJ667246,0
FJ667247,0
FJ667248,0
FJ667249,0
FJ667250,1
FJ667251,0
FJ667252,0
FJ667253,0
FJ667254,1
FJ667255,0
FJ667256,0
FJ670515,0
FJ670517,2
FJ670518,6
FJ670520,1
FJ670521,0
FJ670522,0
FJ670523,1
FJ670524,1
FJ670525,2
FJ670526,1
FJ670527,0
FJ670528,2
FJ670530,0
FJ670531,1
FJ853501,0
FJ853502,1
FJ853503,1
FJ853504,2
FJ853505,1
FJ853506,1
FJ853507,3
FJ853508,2
FJ853509,0
FJ853511,1
FJ853512,0
FJ853513,2
FJ853514,1
FJ853515,2
FJ853516,1
FJ853518,1
FJ853519,1
FJ853520,0
FJ853522,0
FJ853523,0
FJ853524,0
FJ853525,2
FJ853527,0
FJ853528,0
FJ853529,0
FJ853531,2
FJ853532,2
FJ853533,8
FJ853534,2
FJ853535,3
FJ853536,3
FJ853537,2
FJ853538,5
FJ853539,1
FJ853540,2
FJ853542,1
FJ853543,0
FJ853547,0
FJ853548,2
FJ853549,1
FJ853550,5
FJ853552,1
FJ853553,2
FJ853554,1
FJ853556,1
FJ853557,0
FJ853559,3
FJ853560,1
FJ853561,1
FJ853562,1
FJ853563,0
FJ853564,2
FJ853565,2
FJ853566,0
FJ853567,0
FJ853568,1
FJ853569,0
FJ853570,4
FJ853571,2
FJ853572,0
FJ853573,1
FJ853574,0
FJ853575,0
FJ853576,1
FJ853577,3
FJ853578,0
FJ853579,0
FJ853580,2
FJ853581,0
FJ853582,1
FJ853583,0
FJ853585,2
FJ853586,2
FJ853587,2
FJ853588,0
FJ853589,1
FJ853590,0
FJ853591,1
FJ853620,2
FJ853621,0
FJ853622,0
FM877777,0
FM877778,0
FM877779,2
FM877780,0
FM877781,2
FM877782,1
FM877783,0
FM877784,1
FN392874,0
FN392875,4
FN392876,0
FN392877,4
GQ371217,1
GQ371218,4
GQ371219,0
GQ371221,1
GQ371222,0
GQ371223,0
GQ371224,1
GQ371225,1
GQ371228,0
GQ371229,3
GQ371234,1
GQ371235,1
GQ371236,1
GQ371237,12
GQ371239,1
GQ371241,2
GQ371242,2
GQ371244,3
GQ371245,0
GQ371246,0
GQ371248,0
GQ371249,0
GQ371250,0
GQ371254,0
GQ371256,2
GQ371257,8
GQ371258,1
GQ371259,6
GQ371260,5
GQ371261,2
GQ371262,0
GQ371264,1
GQ371265,0
GQ371267,1
GQ371271,0
GQ371273,2
GQ371274,2
GQ371275,0
GQ371277,3
GQ371278,0
GQ371279,4
GQ371281,0
GQ371282,3
GQ371284,3
GQ371286,0
GQ371287,1
GQ371289,4
GQ371290,0
GQ371291,0
GQ371293,0
GQ371294,1
GQ371296,4
GQ371297,0
GQ371298,2
GQ371302,1
GQ371303,0
GQ371306,4
GQ371308,4
GQ371309,6
GQ371312,1
GQ371313,4
GQ371314,0
GQ371315,1
GQ371316,1
GQ371318,3
GQ371321,0
GQ371323,0
GQ371324,8
GQ371325,1
GQ371327,2
GQ371328,4
GQ371332,2
GQ371333,0
GQ371334,0
GQ371335,3
GQ371337,2
GQ371338,0
GQ371339,1
GQ371340,1
GQ371341,1
GQ371344,15
GQ371348,0
GQ371349,0
GQ371351,0
GQ371352,2
GQ371354,1
GQ371355,1
GQ371356,0
GQ371357,1
GQ371359,0
GQ371363,3
GQ371367,0
GQ371368,0
GQ371370,1
GQ371373,1
GQ371374,0
GQ371376,0
GQ371378,1
GQ371379,0
GQ371380,8
GQ371381,3
GQ371382,2
GQ371384,3
GQ371385,5
GQ371386,3
GQ371388,2
GQ371389,2
GQ371390,1
GQ371391,1
GQ371393,2
GQ371396,2
GQ371400,0
GQ371401,2
GQ371402,0
GQ371403,0
GQ371406,4
GQ371407,0
GQ371409,2
GQ371410,2
GQ371411,6
GQ371412,0
GQ371414,1
GQ371416,2
GQ371417,1
GQ371418,0
GQ371421,1
GQ371423,0
GQ371425,1
GQ371427,0
GQ371428,0
GQ371429,6
GQ371431,7
GQ371432,2
GQ371433,1
GQ371434,0
GQ371435,0
GQ371437,0
GQ371438,2
GQ371439,3
GQ371440,4
GQ371441,0
GQ371442,3
GQ371443,4
GQ371444,4
GQ371449,0
GQ371450,1
GQ371451,1
GQ371452,3
GQ371455,0
GQ371458,1
GQ371460,1
GQ371462,1
GQ371463,0
GQ371466,0
GQ371472,2
GQ371475,0
GQ371477,4
GQ371478,0
GQ371480,5
GQ371482,2
GQ371484,1
GQ371486,1
GQ371488,0
GQ371489,1
GQ371490,0
GQ371491,1
GQ371492,2
GQ371493,1
GQ371495,2
GQ371498,3
GQ371499,1
GQ371500,3
GQ371501,1
GQ371504,0
GQ371505,1
GQ371507,4
GQ371510,0
GQ371511,1
GQ371512,1
GQ371513,0
GQ371514,4
GQ371517,3
GQ371520,2
GQ371521,0
GQ371523,2
GQ371524,0
GQ371526,3
GQ371529,1
GQ371532,0
GQ371533,6
GQ371535,2
GQ371537,1
GQ371538,2
GQ371539,0
GQ371540,0
GQ371543,3
GQ371544,3
GQ371545,2
GQ371546,4
GQ371547,1
GQ371548,2
GQ371552,0
GQ371553,1
GQ371555,1
GQ371556,0
GQ371558,0
GQ371559,5
GQ371561,0
GQ371562,2
GQ371565,0
GQ371566,0
GQ371567,1
GQ371569,5
GQ371570,1
GQ371571,0
GQ371578,0
GQ371579,1
GQ371580,0
GQ371581,0
GQ371583,0
GQ371584,1
GQ371587,1
GQ371588,1
GQ371589,0
GQ371591,0
GQ371592,1
GQ371593,0
GQ371594,2
GQ371596,0
GQ371598,0
GQ371599,1
GQ371600,2
GQ371601,0
GQ371602,2
GQ371605,0
GQ371606,0
GQ371607,1
GQ371608,3
GQ371609,1
GQ371610,4
GQ371612,0
GQ371615,0
GQ371619,6
GQ371624,0
GQ371626,2
GQ371627,2
GQ371628,0
GQ371629,1
GQ371630,1
GQ371632,0
GQ371633,2
GQ371634,0
GQ371635,0
GQ371636,0
GQ371637,2
GQ371640,1
GQ371641,0
GQ371648,5
GQ371649,0
GQ371651,0
GQ371655,0
GQ371656,1
GQ371658,0
GQ371660,0
GQ371662,1
GQ371663,1
GQ371664,1
GQ371665,1
GQ371667,5
GQ371668,0
GQ371669,1
GQ371673,0
GQ371674,0
GQ371675,5
GQ371676,1
GQ371679,0
GQ371681,5
GQ371682,3
GQ371683,3
GQ371685,1
GQ371686,5
GQ371688,0
GQ371690,7
GQ371693,0
GQ371695,3
GQ371696,0
GQ371698,0
GQ371699,2
GQ371700,2
GQ371703,0
GQ371704,0
GQ371706,2
GQ371708,1
GQ371709,0
GQ371710,1
GQ371711,5
GQ371712,1
GQ371716,2
GQ371718,0
GQ371719,0
GQ371721,1
GQ371722,1
GQ371723,1
GQ371724,2
GQ371725,0
GQ371726,0
GQ371729,2
GQ371730,0
GQ371731,2
GQ371732,0
GQ371733,1
GQ371734,0
GQ371736,3
GQ371737,0
GQ371738,5
GQ371740,0
GQ371742,0
GQ371745,0
GQ371747,0
GQ371751,1
GQ371752,2
GQ371753,3
GQ371755,1
GQ371756,1
GQ371758,1
GQ371759,0
GQ371761,0
GQ371762,13
GQ372986,0
GQ372988,0
GQ372989,1
GQ372990,0
GQ429817,2
GQ429865,3
GQ429897,2
GQ429911,2
GQ429942,2
GQ430033,1
GQ430063,1
GQ430114,0
GQ430144,0
GQ430176,0
GQ430207,0
GQ430231,9
GQ430263,1
GQ430293,3
GQ430325,1
GQ430355,3
GQ430383,1
GQ430478,2
GQ430510,3
GQ430558,0
GQ430587,0
GQ430614,1
GQ430645,1
GQ430674,7
GQ430706,1
GQ430738,3
GQ430768,0
GQ430800,1
GQ430832,1
GQ430863,3
GQ430893,0
GQ430925,0
GQ430957,1
GQ430988,0
GQ431034,2
GQ431065,2
GQ431220,0
GQ431280,3
GQ431310,0
GQ431326,1
GQ431357,2
GQ431389,0
GQ431416,2
GQ431448,3
GQ431480,1
GQ431540,0
GQ431569,6
GQ431614,0
GQ431633,0
GQ431661,2
GQ431693,1
GQ431724,3
GQ431750,1
GQ431780,1
GQ431812,2
GQ431844,3
GQ431876,3
GQ431908,2
GQ431939,0
GQ431965,2
GQ431986,5
GQ432033,0
GQ432065,0
GQ432093,1
GQ432121,0
GQ432150,2
GQ432180,1
GQ432209,1
GQ432238,4
GQ432294,1
GQ432337,1
GQ432382,3
GQ432411,1
GQ432440,1
GQ432472,1
GQ432503,1
GQ432530,1
GQ432562,2
GQ432594,1
GQ432626,1
GQ432657,1
GQ432683,1
GQ432715,0
GQ432747,12
GQ477442,1
GQ477443,0
GQ477444,1
GQ477445,0
GQ477446,1
GQ477447,2
GQ477448,0
GQ477449,0
GQ477450,0
GQ477451,0
GQ999976,2
GQ999985,1
GQ999991,1
GU362881,1
GU362882,0
GU362883,0
GU362884,1
GU362885,2
GU362886,1
GU390470,0
GU390480,0
GU390502,1
GU458430,0
GU458431,0
GU458432,0
GU458433,1
GU458434,0
GU458435,1
GU458436,0
GU458437,0
GU458438,1
GU458439,0
GU458440,0
GU458441,0
GU458442,0
GU458443,0
GU458444,0
GU458445,2
GU458446,0
GU458447,0
GU458448,0
GU458449,0
GU458450,1
GU458451,0
GU458452,0
GU458454,4
GU458455,0
GU458456,3
GU458457,0
GU458458,0
GU458459,0
GU458460,0
GU458461,2
GU458462,0
GU458463,0
GU458464,0
GU458465,0
GU458466,0
GU458467,0
GU458468,0
GU458469,0
GU458470,1
GU458471,0
GU458472,0
GU458473,1
GU458474,0
GU458475,0
GU458476,0
GU458477,0
GU458478,0
GU458479,0
GU458480,0
GU458481,1
GU458482,3
GU458484,0
GU458485,0
GU458486,0
GU458488,1
GU458489,0
GU458490,0
GU458491,0
GU458492,1
GU458493,1
GU458494,0
GU458495,2
GU458497,0
GU458498,0
GU458499,0
GU458500,0
GU458501,0
GU458502,1
GU458503,0
GU458504,1
GU458505,1
GU458506,1
GU458507,0
GU458508,0
GU458509,2
GU458510,0
GU458513,0
GU458514,0
GU458515,0
GU458516,1
GU458517,0
GU458518,0
GU458519,0
GU458520,0
GU458521,0
GU458522,0
GU458523,1
GU458524,0
GU458525,0
GU458526,0
GU458527,0
GU458528,0
GU458529,0
GU458531,0
GU458533,0
GU458534,0
GU458535,2
GU458536,0
GU458537,0
GU458538,0
GU458539,0
GU458540,0
GU458541,0
GU458542,1
GU458543,0
GU458544,0
GU458545,0
GU458547,2
GU458548,4
GU458550,2
GU458551,0
GU458552,0
GU458553,2
GU458554,0
GU458555,0
GU458556,1
GU458557,0
GU458558,1
GU458559,1
GU458560,1
GU458561,1
GU458562,0
GU458563,0
GU458564,0
GU458565,0
GU458566,0
GU458567,0
GU458569,0
GU458570,2
GU458571,0
GU458572,0
GU458573,0
GU458575,0
GU458576,0
GU458577,0
GU458579,1
GU458580,1
GU458581,1
GU458582,0
GU458585,0
GU458586,1
GU458589,0
GU458590,2
GU458591,1
GU458592,5
GU458593,0
GU458599,1
GU458600,0
GU458602,2
GU458603,0
GU458604,1
GU458609,5
GU458610,0
GU458612,0
GU458613,0
GU458614,0
GU458615,0
GU458616,0
GU458617,1
GU458618,1
GU458619,0
GU458621,0
GU458622,0
GU458624,0
GU458625,0
GU458627,1
GU458628,0
GU458629,1
GU458630,0
GU458631,0
GU458632,2
GU458636,1
GU458637,0
GU458638,0
GU458639,0
GU458640,0
GU458641,0
GU458642,0
GU458643,1
GU458644,0
GU458647,1
GU458653,0
GU458654,0
GU458655,0
GU458656,1
GU458660,0
GU458661,0
GU458668,1
GU458669,0
GU458676,0
GU458682,0
GU458684,0
GU458705,1
GU458706,1
GU458708,0
GU458709,0
GU458711,0
GU458712,0
GU458713,1
GU458714,1
GU458715,0
GU458716,0
GU458718,1
GU458740,1
GU458760,0
GU458773,0
HM026455,2
HM026456,6
HM026457,1
HM026458,0
HM026460,1
HM586187,0
HM586191,0
HM586198,2
HM586206,1
HM586210,1
HM593106,0
HM593107,0
HM593108,2
HM593109,1
HM593112,2
HM593113,0
HM593115,0
HM593121,0
HM593122,0
HM593128,1
HM593129,0
HM593131,1
HM593132,0
HM593133,0
HM593136,0
HM593149,1
HM593157,2
HM593158,0
HM593162,0
HM593166,1
HM593173,1
HM593177,0
HM593186,0
HM593187,1
HM593193,0
HM593194,1
HM593195,0
HM593201,0
HM593204,0
HM593205,0
HM593206,0
HM593207,0
HM593211,1
HM593213,0
HM593215,2
HM593217,1
HM593218,0
HM593219,1
HM593222,0
HM593224,3
HM593226,0
HM593227,1
HM593228,0
HM593229,0
HM593230,0
HM593231,0
HM593235,0
HM593237,0
HM593238,0
HM593242,0
HM593243,0
HM593244,0
HM593246,1
HM593247,2
HM593253,1
HM593254,0
HM593255,0
HM593256,0
HM593257,1
HM593258,0
HM593259,0
HM593260,2
HM593261,0
HM593262,0
HM593263,0
HM593265,0
HM593266,0
HM593267,0
HM593268,0
HM593269,0
HM593270,1
HM593271,1
HM593272,1
HM593273,0
HM593274,0
HM593275,1
HM593276,3
HM593277,0
HM593278,0
HM593279,0
HM593280,0
HM593281,1
HM593282,0
HM593283,2
HM593284,0
HM593285,2
HM593286,0
HM593288,0
HM593289,0
HM593290,1
HM593291,1
HM593293,0
HM593294,0
HM593295,0
HM593296,0
HM593297,2
HM593298,0
HM593299,1
HM593300,0
HM593301,1
HM593302,0
HM593303,0
HM593304,3
HM593305,0
HM593306,0
HM593307,0
HM593308,0
HM593309,0
HM593310,2
HM593311,0
HM593312,0
HM593313,0
HM593315,0
HM593316,3
HM593317,0
HM593318,0
HM593320,0
HM593321,0
HM593322,0
HM593323,1
HM593324,0
HM593325,1
HM593326,0
HM593327,1
HM593328,0
HM593329,0
HM593330,1
HM593331,0
HM593332,0
HM593333,0
HM593335,0
HM593336,0
HM593337,0
HM593338,0
HM593339,0
HM593340,1
HM593341,0
HM593342,5
HM593343,0
HM593344,0
HM593346,1
HM593348,1
HM593349,0
HM593350,0
HM593351,0
HM593352,0
HM593353,0
HM593354,0
HM593355,1
HM593356,0
HM593357,0
HM593358,0
HM593359,2
HM593360,0
HM593361,0
HM593362,0
HM593363,1
HM593364,0
HM593366,1
HM593367,0
HM593368,2
HM593369,0
HM593370,0
HM593371,1
HM593372,1
HM593374,0
HM593375,3
HM593377,0
HM593378,0
HM593379,0
HM593380,0
HM593381,0
HM593382,0
HM593383,3
HM593384,0
HM593385,0
HM593386,0
HM593387,0
HM593389,0
HM593390,1
HM593391,0
HM593392,0
HM593393,0
HM593394,0
HM593396,0
HM593397,0
HM593398,1
HM593399,1
HM593400,0
HM593401,0
HM593402,0
HM593403,0
HM593404,0
HM593405,0
HM593407,2
HM593408,0
HM593409,0
HM593410,2
HM593411,0
HM593412,0
HM593413,0
HM593414,0
HM593415,0
HM593416,1
HM593418,2
HM593419,0
HM593420,2
HM593421,0
HM593422,0
HM593423,2
HM593425,0
HM593426,0
HM593427,0
HM593429,0
HM593430,0
HM593431,0
HM593432,1
HM593433,0
HM593434,0
HM593435,2
HM593436,1
HM593437,0
HM593438,1
HM593440,0
HM593441,2
HM593442,0
HM593443,0
HM593444,0
HM593445,0
HM593446,1
HM593447,0
HM593448,0
HM593449,0
HM593450,1
HM593451,1
HM593452,0
HM593453,1
HM593454,0
HM593455,0
HM593456,2
HM593457,0
HM593458,0
HM593459,0
HM593460,0
HM593461,1
HM593462,0
HM593463,1
HM593464,1
HM593466,0
HM593468,1
HM593470,0
HM593471,1
HM593473,0
HM593475,0
HM593478,0
HM593479,1
HM593483,0
HM593484,1
HM593486,1
HM593489,1
HM593494,1
HM593499,0
HM593500,0
HM593501,0
HM593502,1
HM593503,0
HM593505,0
HM593507,1
HM593510,0
HQ197984,1
HQ197985,1
HQ197986,1
HQ197987,0
HQ197988,0
HQ197990,0
HQ215552,0
HQ215553,2
HQ215554,1
HQ215555,0
HQ215556,1
HQ215568,0
HQ215569,0
HQ215570,1
HQ215572,0
HQ215573,0
HQ215574,0
HQ215575,0
HQ215576,0
HQ215577,0
HQ385477,0
HQ385478,0
HQ385479,1
HQ696791,1
HQ696792,0
HQ696793,0
HQ696794,0
HQ696795,0
HQ696796,0
HQ696797,0
HQ696798,0
HQ696799,0
HQ696800,0
HQ696801,0
HQ696802,1
HQ696803,0
HQ696804,0
HQ696805,0
HQ696806,1
HQ696807,0
HQ696808,0
HQ696809,1
HQ696810,0
HQ696811,1
HQ696812,0
HQ696813,1
HQ696814,0
HQ696815,0
HQ696816,1
HQ696817,1
HQ696818,1
HQ696819,1
HQ696820,0
HQ696821,0
HQ696822,0
HQ696823,1
HQ696824,0
HQ696825,0
HQ696826,0
HQ696827,2
HQ696828,0
HQ696829,0
HQ696830,2
HQ696831,0
HQ696832,0
HQ696833,0
HQ696834,1
HQ696835,1
HQ696836,0
HQ696837,1
HQ696838,0
HQ696839,1
HQ696840,0
HQ696841,1
HQ696842,0
HQ696843,1
HQ696844,1
HQ696845,0
HQ696846,1
HQ696847,1
HQ696848,2
HQ696849,0
HQ696850,0
JF304746,0
JF304747,0
JF304748,0
JF304750,2
JF304751,1
JF304752,0
JF304754,0
JF304755,3
JF304756,2
JF304757,0
JF304758,0
JF304759,0
JF304760,2
JF304761,1
JF304762,1
JF320003,0
JF320008,1
JF320012,0
JF320017,1
JF320018,0
JF320028,1
JF320036,1
JF320038,0
JF320043,0
JF320044,0
JF320045,0
JF320048,0
JF320054,2
JF320059,0
JF320063,0
JF320073,0
JF320084,0
JF320101,2
JF320120,0
JF320130,0
JF320144,1
JF320145,1
JF320150,3
JF320159,1
JF320160,1
JF320169,1
JF320174,1
JF320178,1
JF320183,0
JF320185,2
JF320186,1
JF320189,0
JF320191,2
JF320196,1
JF320197,0
JF320198,0
JF320228,0
JF320241,0
JF320277,0
JF320295,0
JF320307,0
JF320316,0
JF320330,0
JF320349,0
JF320356,1
JF320361,1
JF320363,0
JF320381,0
JF320386,1
JF320395,1
JF320401,0
JF320409,0
JF320411,0
JF320422,0
JF320427,0
JF320460,0
JF320482,0
JF320493,0
JF320521,0
JF320530,1
JF320537,1
JF320559,0
JF320564,0
JF320594,0
JF320613,0
JF320615,0
JF320634,0
JF683736,41
JF683738,0
JF683739,4
JF683740,1
JF683741,3
JF683742,13
JF683743,0
JF683745,1
JF683746,2
JF683747,0
JF683748,1
JF683749,2
JF683750,0
JF683751,1
JF683752,1
JF683753,0
JF683754,1
JF683755,4
JF683756,0
JF683758,0
JF683759,2
JF683760,6
JF683761,3
JF683763,2
JF683764,0
JF683765,0
JF683766,3
JF683768,0
JF683769,1
JF683771,0
JF683773,14
JF683774,20
JF683775,0
JF683776,13
JF683777,6
JF683778,0
JF683779,0
JF683780,1
JF683781,0
JF683782,3
JF683783,1
JF683784,0
JF683785,0
JF683786,1
JF683787,0
JF683788,2
JF683790,2
JF683791,0
JF683793,6
JF683794,6
JF683795,0
JF683796,1
JF683797,1
JF683798,0
JF683799,0
JF683800,1
JF683801,0
JF683802,6
JF683803,5
JF683804,3
JF683805,17
JF683806,1
JF683807,0
JF683808,0
JF683809,13
JF704235,0
JF704526,0
JF704570,0
JF704624,0
JF704680,0
JF704683,0
JF704687,1
JF704690,0
JF704693,0
JF704697,0
JF704701,0
JF704704,0
JF704708,0
JF932473,1
JF932483,0
JF932484,0
JF932491,1
JF932492,1
JF932493,0
JF932494,0
JF932495,0
JF932496,0
JN024100,4
JN024203,0
JN024274,2
JN024339,0
JN024349,1
JN024422,0
JN024450,1
JN024459,1
JN024469,0
JN397362,1
JN397363,1
JN397364,1
JN397365,4
JN417236,8
JN417237,1
JN417239,0
JN417240,1
JN417241,0
JN687618,0
JN687629,0
JN687639,1
JN687641,0
JN687642,1
JN687643,0
JN687646,0
JN687647,0
JN687648,1
JN687649,0
JN687650,0
JN687651,0
JN687653,0
JN687654,0
JN687655,2
JN687656,1
JN687657,0
JN687659,1
JN687660,2
JN687662,0
JN687664,2
JN687665,1
JN687675,0
JN687676,0
JN687677,0
JN687678,2
JN687679,1
JN687680,0
JN687690,0
JN687691,0
JN687692,1
JN687693,0
JN687777,1
JN692431,0
JN692445,1
JN692449,0
JN692456,0
JN692460,2
JN692475,2
JN860761,0
JN860762,1
JN860763,0
JN860764,0
JN860765,0
JN860766,0
JN860767,0
JN860768,2
JN860769,0
JN864047,1
JN864048,1
JN864049,0
JN864050,0
JN864051,0
JN864052,9
JN864053,2
JN864055,4
JN864056,1
JN864057,3
JN864058,1
JN864059,1
JN882652,0
JN882653,0
JN882654,2
JN882655,0
JN944897,1
JN944911,0
JN944917,1
JN944930,0
JQ234979,0
JQ234980,0
JQ234981,0
JQ234982,0
JQ234983,0
JQ234984,0
JQ234985,0
JQ234986,0
JQ234987,0
JQ234988,0
JQ234989,2
JQ234990,0
JQ234991,0
JQ234992,0
JQ234993,0
JQ234994,0
JQ234995,0
JQ234996,0
JQ234997,0
JQ234999,0
JQ235000,1
JQ235001,1
JQ235002,0
JQ235003,0
JQ235004,1
JQ235005,0
JQ235006,0
JQ235007,1
JQ292891,1
JQ292892,0
JQ292893,0
JQ292894,2
JQ292895,1
JQ292896,0
JQ292897,0
JQ292898,1
JQ292899,0
JQ292900,1
JQ403030,0
JQ403035,0
JQ403062,0
JQ779098,3
JQ779148,0
JQ779206,1
JQ779256,0
JQ900844,1
JQ900846,0
JQ900847,0
JQ900848,0
JQ900850,0
JQ900851,0
JQ900852,0
JQ900854,1
JQ900855,0
JQ900856,0
JQ900857,0
JQ900858,0
JQ900859,0
JQ900860,0
JQ900861,0
JQ900862,0
JQ900863,1
JQ900864,0
JQ900865,0
JQ900866,1
JQ900867,0
JQ900868,0
JQ900869,0
JQ900870,0
JQ900871,0
JQ900872,0
JQ900873,0
JQ900874,0
JQ900875,0
JQ900876,0
JQ900877,0
JQ900878,1
JQ900879,0
JQ900880,0
JQ900881,0
JQ900882,0
JQ900884,0
JQ900885,0
JQ900886,1
JQ900887,0
JQ900888,1
JQ900889,0
JQ900890,0
JQ900891,0
JQ900892,0
JQ900893,0
JQ900894,0
JQ900895,1
JQ900896,0
JQ900897,2
JQ900898,0
JQ900899,0
JQ900900,0
JQ900901,0
JQ900902,0
JQ900903,0
JQ900904,1
JQ900906,1
JQ900907,0
JQ900908,0
JQ900909,0
JQ900910,0
JQ900911,0
JQ900912,0
JQ900913,0
JQ900914,0
JQ900916,0
JQ900917,0
JQ900918,0
JQ900919,0
JQ900920,0
JQ900922,0
JQ900923,0
JQ900924,0
JQ900925,0
JQ900927,1
JQ900928,0
JQ900930,0
JQ900931,0
JQ900932,0
JQ900933,1
JQ900934,0
JQ900935,0
JQ900936,0
JQ900937,1
JQ900938,0
JQ900939,1
JQ900940,0
JQ900941,0
JQ900942,0
JX112796,0
JX112797,0
JX112798,1
JX112799,0
JX112800,1
JX112801,0
JX112802,1
JX112803,0
JX112804,0
JX112805,0
JX112806,0
JX112807,0
JX112808,0
JX112809,1
JX112810,4
JX112811,0
JX112812,0
JX112814,0
JX112816,0
JX112817,0
JX112818,1
JX112820,0
JX112821,0
JX112822,1
JX112823,1
JX112824,0
JX112825,0
JX112826,1
JX112827,2
JX112828,0
JX112829,0
JX112830,1
JX112831,0
JX112832,0
JX112833,0
JX112834,2
JX112835,0
JX112836,0
JX112837,0
JX112838,0
JX112839,0
JX112840,0
JX112841,0
JX112842,0
JX112843,2
JX112844,0
JX112845,1
JX112846,0
JX112847,1
JX112848,0
JX112849,0
JX112850,2
JX112851,2
JX112852,0
JX112853,0
JX112854,1
JX112855,0
JX112856,0
JX112857,0
JX112858,1
JX112859,0
JX112860,5
JX112861,1
JX112862,0
JX112863,0
JX112864,0
JX112865,0
JX112866,0
JX112867,1
JX112868,1
JX112869,1
JX112870,0
JX140647,0
JX140652,0
JX140654,1
JX140656,0
JX140657,1
JX140658,0
JX140659,0
JX140660,0
JX140661,0
JX140667,0
JX140668,0
JX140669,0
JX140670,3
JX140671,0
JX140673,0
JX140676,1
JX140678,2
JX140679,3
JX202785,2
JX202796,1
JX202818,1
JX202837,0
JX202868,1
JX202880,0
JX202892,1
JX202909,2
JX202921,1
JX202934,1
JX236677,0
JX236678,1
JX392378,0
JX392379,0
JX392380,1
JX392381,0
JX392382,0
JX392383,2
JX392384,0
JX434458,0
JX434471,2
JX434477,0
JX434481,1
JX446645,0
JX446666,0
JX446685,0
JX446710,1
JX446720,0
JX446736,1
JX446755,0
JX446766,1
JX446785,0
JX446795,0
JX446807,0
JX446826,2
JX446848,1
JX446853,0
JX446869,1
JX446878,0
JX446898,1
JX446905,0
JX446916,0
JX446927,0
JX446932,1
JX446954,0
JX446965,1
JX446987,1
JX446997,2
JX447007,1
JX447018,0
JX447028,0
JX447033,1
JX447053,0
JX447063,0
JX447072,1
JX447077,0
JX447087,0
JX447094,1
JX447112,0
JX447122,0
JX447132,0
JX447138,1
JX447156,0
JX447166,1
JX447187,0
JX447210,0
JX447230,0
JX447241,1
JX447268,1
JX447283,0
JX447289,1
JX447300,2
JX447305,0
JX447310,1
JX447315,1
JX447318,2
JX447338,0
JX447349,2
JX447359,2
JX447369,0
JX447389,2
JX447403,1
JX447413,0
JX447417,0
JX447440,0
JX447454,0
JX447465,0
JX447475,1
JX447486,1
JX447509,1
JX447523,1
JX447535,0
JX447545,1
JX447556,2
JX447569,0
JX447589,0
JX447596,2
JX447618,0
JX447638,1
JX447647,3
JX447668,1
JX447678,0
JX447688,0
JX447709,0
JX447721,0
JX447726,0
JX447736,0
JX447757,0
JX447785,0
JX447800,1
JX447827,1
JX447833,1
JX447843,0
JX447864,1
JX447884,0
JX447892,2
JX447915,1
JX447937,0
JX447947,2
JX447968,0
JX447991,0
JX448011,1
JX448019,0
JX448028,0
JX448034,0
JX448045,0
JX448057,2
JX448068,2
JX448076,0
JX448096,4
JX448107,0
JX448129,1
JX448153,3
JX448173,0
JX448187,1
JX448210,1
JX448225,1
JX448243,0
JX448262,0
JX448278,1
JX448283,0
JX448296,0
JX448307,0
JX574661,0
JX574662,0
JX574663,0
JX863919,0
JX863920,1
JX863921,1
JX863922,0
JX863923,0
JX863924,1
JX960597,0
JX960598,0
JX960599,0
JX960600,0
JX960601,0
JX960603,1
JX960604,1
JX960605,0
JX960606,0
JX960607,0
JX960608,0
JX960609,0
JX960610,0
JX960611,0
JX960612,0
JX960613,0
JX960614,0
JX960615,0
JX960616,0
JX960617,0
JX960618,0
JX960619,0
JX960620,1
JX960621,0
JX960622,1
JX960623,1
JX960624,0
JX960625,1
JX960626,0
JX960627,0
JX960628,0
JX960629,1
JX960630,1
JX960631,0
JX960632,0
JX960633,0
JX960634,0
JX960635,0
JX973388,1
JX973482,0
JX973549,0
JX973630,0
JX973846,1
JX973930,0
JX973955,0
JX974014,1
JX974082,1
JX974138,0
KC156211,0
KC156212,0
KC156213,0
KC156215,0
KC156216,1
KC156219,0
KC183774,0
KC183775,1
KC183777,0
KC183778,0
KC183779,0
KC183780,1
KC183781,6
KC183782,0
KC183783,0
KC189107,1
KC189110,3
KC189112,1
KC189113,0
KC189114,1
KC189118,0
KC189119,0
KC189120,1
KC189121,1
KC189124,0
KC189125,1
KC189126,3
KC189127,2
KC189128,0
KC473824,0
KC473825,1
KC473826,0
KC473827,0
KC473828,0
KC473829,0
KC473830,0
KC473831,2
KC473832,0
KC473833,0
KC473834,1
KC473835,0
KC473836,1
KC473842,1
KC473846,0
KC522031,0
KC522032,1
KC522033,2
KC522034,2
KC522035,1
KC596064,0
KC596065,0
KC596066,0
KC596067,0
KC596068,2
KC852172,0
KC852173,0
KC852174,0
KC870027,0
KC870028,0
KC870030,0
KC870032,0
KC870034,0
KC870035,0
KC870036,0
KC870037,0
KC870042,0
KC870043,0
KC898975,0
KC898976,0
KC898977,0
KC898978,0
KC898979,0
KC898980,0
KC898981,1
KC898982,1
KC898983,1
KC898985,0
KC898986,0
KC898988,2
KC898989,0
KC898990,0
KC898991,2
KC898992,0
KC898993,1
KC898994,1
KC898995,1
KC898996,0
KC898997,0
KC898998,1
KC898999,0
KC899000,2
KC899001,1
KC899002,0
KC899007,2
KC899008,0
KC899009,5
KC899010,0
KC899011,0
KC899012,3
KC899013,0
KC899014,1
KC899015,0
KF208740,0
KF208741,1
KF208742,0
KF208743,0
KF208744,2
KF208745,1
KF208746,2
KF208747,0
KF208748,2
KF208749,1
KF208750,0
KF208751,1
KF208752,2
KF208753,0
KF208754,1
KF208757,0
KF208758,0
KF208760,0
KF208761,0
KF208762,0
KF208763,2
KF208764,4
KF208765,0
KF208766,1
KF208767,2
KF208768,1
KF208769,2
KF208770,0
KF208772,0
KF208773,1
KF208774,0
KF208775,1
KF208776,0
KF208777,0
KF208778,0
KF208779,1
KF208780,0
KF208781,0
KF208782,0
KF208783,0
KF208784,1
KF208785,0
KF208786,1
KF208787,0
KF208788,0
KF208789,0
KF208790,0
KF208791,2
KF208792,1
KF208793,0
KF208794,1
KF208795,1
KF208796,1
KF208798,0
KF208799,1
KF208800,0
KF208801,0
KF208802,0
KF208803,0
KF208805,0
KF208806,0
KF208807,0
KF208808,0
KF208809,0
KF208810,0
KF208811,0
KF208812,0
KF208814,1
KF208815,0
KF208816,1
KF250366,0
KF250368,2
KF250369,1
KF250370,0
KF250371,0
KF250372,0
KF250373,1
KF250374,0
KF250376,0
KF250377,0
KF250379,0
KF250380,0
KF250381,0
KF250382,1
KF250383,2
KF250384,0
KF250385,0
KF425293,2
KF716464,0
KF716465,0
KF716468,0
KF716469,2
KF716470,1
KF716471,2
KF716474,1
KF716475,2
KF716476,2
KF716477,1
KF716478,1
KF716479,3
KF716481,0
KF716482,1
KF716483,0
KF716484,0
KF716485,2
KF716486,1
KF716487,3
KF716488,2
KF716489,0
KF716490,1
KF716491,0
KF716492,0
KF716493,0
KF716494,1
KF716495,1
KF716496,1
KF716497,1
KF716498,2
KF859739,1
KF859741,1
KF859745,1
KF859746,0
KF859747,0
KJ484433,0
KJ484434,0
KJ484435,1
KJ643263,1
KJ643268,1
KJ643272,0
KJ643276,0
KJ643280,0
KJ704787,0
KJ704789,0
KJ704790,0
KJ704791,0
KJ704792,0
KJ704793,0
KJ704794,1
KJ704796,1
KJ849759,2
KJ849760,1
KJ849762,1
KJ849765,1
KJ849768,1
KJ849769,5
KJ849770,1
KJ849771,1
KJ849774,0
KJ849775,1
KJ849777,2
KJ849778,0
KJ849779,1
KJ849784,0
KJ849792,0
KJ849795,1
KJ849799,2
KJ849800,1
KJ849803,0
KJ849809,1
KJ849817,2
KJ849818,0
KJ849819,0
KJ849820,1
KJ849824,0
KJ883137,0
KJ883138,0
KJ883139,0
KJ883140,3
KJ883141,0
KJ883142,0
KJ883143,0
KJ883144,0
KJ883145,1
KJ883146,0
KJ883147,0
KJ883148,1
KJ883149,0
KJ883150,0
KJ883151,0
KJ883152,2
KM048382,0
KM048383,0
KM048384,0
KM048385,0
KM048386,0
KM048392,0
KM048399,2
KM048400,0
KM048401,0
KM048402,0
KM048403,1
KM048410,0
KM048411,0
KM048418,0
KM048419,1
KM048420,4
KM048421,0
KM048422,1
KM048423,2
KM048429,0
KM048430,0
KM048436,0
KM048437,1
KM048438,0
KM048439,0
KM048446,0
KM048447,0
KM048453,0
KM048454,0
KM048455,0
KM048462,3
KM048463,1
KM048464,0
KM048465,1
KM048471,1
KM048472,1
KM048473,2
KM048474,2
KM048475,0
KM048476,0
KM048477,0
KM048478,1
KM048479,0
KM048480,0
KM048487,2
KM048488,2
KM048489,1
KM048490,0
KM048491,1
KM048492,0
KM048493,1
KM048494,0
KM048495,0
KM048502,1
KM048503,2
KM048510,0
KM048516,0
KM048517,0
KM048518,0
KM048525,0
KM048526,0
KM048528,0
KM048529,3
KM048530,1
KM048531,0
KM048533,0
KM048535,0
KM048536,0
KM048543,1
KM048544,0
KM048549,0
KM048550,0
KM048551,0
KM048552,3
KM048554,2
KM048555,1
KM048556,1
KM048557,0
KM048558,0
KM048559,0
KM048561,1
KM048562,1
KM048573,0
KM048574,0
KM048575,2
KM048576,0
KM048578,1
KM048579,1
KM048584,0
KM048585,1
KM048586,0
KM048587,0
KM048594,0
KM048595,0
KM048603,0
KM048604,0
KM048605,0
KM048606,0
KM048613,0
KM048614,0
KM048621,0
KM048622,0
KM048623,0
KM048624,0
KM048630,0
KM048631,0
KM048637,1
KM048638,2
KM048639,1
KM048646,0
KM048647,0
KM048648,0
KM048649,0
KM048650,0
KM048651,0
KM048652,0
KM048657,0
KM048658,0
KM048659,0
KM048660,0
KM048661,0
KM048670,1
KM048671,1
KM048672,0
KM048673,0
KM048684,1
KM048685,1
KM048704,0
KM048705,0
KM048709,1
KM048710,0
KM048721,1
KM048722,0
KM048745,0
KM048746,0
KM048747,0
KM048748,1
KM048757,0
KM048758,0
KM048791,1
KM048804,0
KM048821,0
KM048822,0
KM048851,0
KM048860,0
KM048861,0
KM048865,1
KM048866,1
KM048867,1
KM048868,1
KM048869,0
KM048870,1
KM048877,2
KM048878,1
KM048885,1
KM048886,2
KM048890,0
KM048891,1
KM048898,0
KM048899,0
KM048906,0
KM048907,0
KM048912,1
KM048913,0
KM048914,0
KM048921,0
KM048922,0
KM048923,1
KM048924,0
KM048925,1
KM048926,0
KM048927,0
KM048928,3
KM048929,1
KM048930,1
KM048931,2
KM048932,0
KM048933,2
KM048934,0
KM048935,0
KM048936,0
KM048937,0
KM048938,0
KM048939,0
KM048940,0
KM048941,0
KM048943,0
KM048944,0
KM048951,3
KM048952,0
KM048953,0
KM048954,0
KM048955,0
KM048958,0
KM048959,2
KM048960,0
KM048961,0
KM048962,0
KM048963,2
KM048964,0
KM048965,0
KM048966,2
KM048967,1
KM048974,2
KM048975,1
KM048976,1
KM048977,1
KM048978,0
KM048979,0
KM048980,0
KM048984,3
KM048985,0
KM048986,0
KM048987,1
KM048988,3
KM048989,0
KM048996,0
KM048997,0
KM048998,0
KM048999,1
KM049000,1
KM049001,1
KM049002,2
KM049004,0
KM049005,1
KM192366,0
KM192379,1
KM192410,1
KM192456,2
KM192485,0
KM192500,1
KM192509,0
KM192524,1
KM192536,1
KM192566,1
KM192598,0
KM192625,1
KM192716,1
KM192731,0
KM192746,2
KM192762,0
KM192792,0
KM192808,1
KM192820,1
KM192828,0
KM192954,1
KP109480,0
KP109481,0
KP109482,0
KP109483,0
KP109484,2
KP109487,0
KP109488,0
KP109489,0
KP109490,0
KP109491,2
KP109492,0
KP109494,1
KP109495,0
KP109496,1
KP109498,0
KP109499,1
KP109500,1
KP109501,2
KP109502,1
KP109504,1
KP109505,2
KP109507,0
KP109508,1
KP109511,1
KP109512,0
KP109513,1
KP109514,2
KP109515,0
KP109516,1
KP109517,1
KP109520,0
KP109521,2
KP109522,1
KP109523,1
KP109524,1
KP109525,3
KP109526,0
KP109527,1
KP178420,0
KP178421,0
KP178422,0
KP178423,1
KP178424,0
KP178425,0
KP178426,0
KP178428,1
KP178429,1
KP178430,1
KP178431,0
KP178432,0
KP178433,0
KP178434,2
KP178435,0
KP178436,4
KP178437,3
KP178438,1
KP178439,2
KP178440,3
KP178441,0
KP178442,0
KP178443,0
KP178446,0
KP178447,0
KP234530,0
KP234538,0
KP234545,0
KP234555,0
KP234559,0
KP234564,0
KP234569,0
KP234573,0
KP234589,0
KP234600,0
KP234605,1
KP234609,1
KP234611,1
KP234622,1
KP234629,0
KP234638,0
KP234642,0
KP234644,0
KP234655,0
KP234656,1
KP234657,2
KP234659,0
KP234661,1
KP234664,0
KP234665,0
KP234666,2
KP234669,2
KP234670,3
KP234671,1
KP234672,0
KP234673,1
KP234675,0
KP234676,3
KP234677,1
KP234680,0
KP234681,0
KP234698,0
KP234700,0
KP234701,0
KP234703,0
KP234715,0
KP234719,0
KP234720,0
KP234721,0
KP234723,0
KP234736,6
KP234737,0
KP234743,0
KP234745,0
KP234748,0
KP234749,0
KP234750,1
KP234751,0
KP234752,0
KP234753,0
KP234770,0
KP234771,0
KP234773,0
KP234775,2
KP234776,0
KP234778,0
KP234779,1
KP234780,0
KP234785,0
KP234786,0
KP234787,0
KP234788,1
KP234789,0
KP234790,0
KP234794,0
KP234799,0
KP234801,0
KP234804,0
KP234808,0
KP234822,1
KP234832,0
KP234854,0
KP234860,0
KP234862,0
KP234864,0
KP234866,0
KP234867,1
KP234868,0
KP234869,1
KP234870,0
KP234872,2
KP234878,0
KP234880,0
KP234882,2
KP234884,0
KP234886,0
KP234891,0
KP234896,0
KP234898,0
KP234905,1
KP234906,3
KP234909,0
KP234910,0
KP234911,0
KP234912,0
KP234913,0
KP234916,2
KP411822,15
KP411823,5
KP411824,4
KP411825,3
KP411826,3
KP411827,3
KP411828,3
KP411831,0
KP411832,1
KP411833,0
KP411834,2
KP411835,25
KP411836,0
KP411837,2
KP411838,1
KP411839,0
KP411840,7
KP411843,1
KP698503,1
KP698504,0
KP698505,0
KP698506,1
KP698507,0
KP698508,0
KP715725,0
KP715728,0
KP715731,0
KP715735,0
KP715740,1
KP715744,3
KP715745,0
KP715750,0
KP715753,0
KP715757,0
KP715759,0
KP715760,0
KP715763,0
KP715767,0
KP715768,0
KP715773,1
KP715778,3
KP715779,2
KP715780,0
KP715782,0
KP715784,0
KP715786,1
KP715787,1
KP715790,1
KP715791,0
KP715792,1
KP715794,0
KP715795,1
KP715796,0
KP715797,0
KP715798,1
KP715802,0
KP715807,0
KP715808,0
KP715809,2
KP715810,2
KP715816,2
KP715819,0
KP715820,2
KP715825,0
KP715826,0
KP715827,0
KP715829,0
KP715831,0
KP715833,0
KP715835,0
KP715836,1
KP715837,0
KP715839,0
KP715840,0
KP715841,0
KP715842,1
KP715844,0
KP715846,0
KP715847,0
KP715848,1
KP715849,0
KP718914,0
KP718915,0
KP718916,4
KP718917,2
KP718918,0
KP718919,1
KP718920,2
KP718921,0
KP718922,5
KP718923,3
KP718924,2
KP718925,1
KP718926,1
KP718927,3
KP718928,1
KP718929,0
KP718930,0
KP718931,0
KP718932,0
KP718933,2
KP718934,2
KP718935,1
KP718936,0
KP718937,1
KP718938,0
KR017771,0
KR017772,1
KR017773,4
KR017774,2
KR017777,0
KR017778,2
KR019770,0
KR019771,0
KR019772,0
KR019773,0
KR019774,0
KR019775,0
KR067667,5
KR067668,3
KR067669,4
KR067670,2
KR067671,0
KR067672,5
KR820341,1
KR820394,1
KR820422,1
KR822828,0
KR822830,2
KR822832,2
KR822833,0
KT124744,0
KT124745,0
KT124747,1
KT124748,0
KT124749,0
KT124750,0
KT124751,0
KT124752,0
KT124753,0
KT124754,0
KT124755,0
KT124756,0
KT124757,0
KT124758,0
KT124759,0
KT124760,0
KT124761,1
KT124762,1
KT124763,0
KT124764,0
KT124765,4
KT124766,0
KT124767,0
KT124768,3
KT124769,0
KT124770,0
KT124771,1
KT124772,0
KT124773,1
KT124774,0
KT124775,0
KT124776,0
KT124778,0
KT124779,1
KT124780,0
KT124781,1
KT124782,1
KT124783,1
KT124784,0
KT124785,0
KT124787,1
KT124788,1
KT124789,2
KT124790,0
KT124791,0
KT124792,1
KT124793,0
KT124794,0
KT124796,0
KT124797,0
KT124798,1
KT124799,1
KT124800,0
KT124801,0
KT124802,0
KT124803,0
KT124804,0
KT124805,0
KT124806,0
KT124807,0
KT124808,1
KT124809,1
KT124810,0
KT124811,1
KT124812,0
KT124813,0
KT124814,0
KT152839,2
KT152840,0
KT152841,0
KT152843,2
KT152846,1
KT183051,0
KT183056,1
KT183063,0
KT183068,0
KT183073,0
KT183078,1
KT183084,1
KT183089,2
KT183094,1
KT183103,2
KT183108,0
KT183117,0
KT183123,2
KT183128,1
KT183135,2
KT183140,0
KT183150,1
KT183155,1
KT183167,0
KT183172,0
KT183178,0
KT183188,0
KT183196,0
KT183201,2
KT183208,1
KT183213,0
KT183227,0
KT183239,1
KT183245,1
KT183250,0
KT183252,0
KT183258,1
KT183264,0
KT183271,0
KT183274,0
KT183279,0
KT183289,0
KT183301,0
KT183312,0
KT183317,0
KT183336,0
KT191748,0
KT191749,1
KT191750,2
KT191751,1
KT191752,0
KT191753,1
KT191754,0
KT191755,0
KT191756,0
KT191757,1
KT191758,1
KT191759,1
KT191760,1
KT191761,0
KT191762,0
KT191763,0
KT191764,0
KT191765,0
KT191766,0
KT191767,0
KT191768,0
KT191769,0
KT191770,2
KT191771,0
KT191772,1
KT191773,0
KT191774,1
KT191775,0
KT191776,0
KT191777,0
KT191778,1
KT191779,1
KT191780,0
KT191781,0
KT191782,0
KT191784,0
KT191785,0
KT191786,0
KT191787,0
KT191788,0
KT191789,2
KT191790,1
KT191791,0
KT191792,0
KT191793,0
KT191794,0
KT191795,0
KT191796,1
KT191797,0
KT191798,1
KT191799,2
KT191800,0
KT191801,0
KT191802,0
KT191803,0
KT191804,0
KT191805,1
KT191806,0
KT191807,0
KT191808,0
KT191809,3
KT191810,1
KT191811,0
KT191812,8
KT191813,0
KT191814,0
KT191815,0
KT191816,0
KT191817,0
KT191818,0
KT191819,1
KT191820,4
KT191821,0
KT191822,0
KT191823,0
KT191824,0
KT191825,0
KT191826,1
KT191827,1
KT191828,0
KT191829,0
KT191830,0
KT191831,1
KT191832,5
KT191833,0
KT191834,0
KT191835,1
KT191836,2
KT191837,1
KT191838,1
KT191839,0
KT191840,0
KT191841,0
KT191842,0
KT191843,0
KT191844,0
KT191845,0
KT191847,0
KT191848,0
KT191849,1
KT191850,2
KT191851,0
KT191852,0
KT191853,1
KT191854,0
KT191856,0
KT191857,0
KT191858,0
KT191859,1
KT191860,4
KT191861,0
KT191863,0
KT191864,1
KT191865,1
KT191866,1
KT191867,0
KT191870,0
KT191871,3
KT191872,0
KT191873,1
KT191874,24
KT191875,2
KT191876,3
KT191877,0
KT191878,0
KT191879,1
KT191880,1
KT191881,1
KT191882,0
KT191884,3
KT191885,0
KT191886,1
KT191887,1
KT191888,0
KT191889,1
KT191890,0
KT191891,0
KT191892,0
KT191893,1
KT191894,1
KT191895,0
KT191896,0
KT191897,9
KT191898,2
KT191899,0
KT191900,0
KT191901,0
KT191902,0
KT191903,0
KT191904,2
KT191905,1
KT191906,0
KT191907,0
KT191909,0
KT191910,0
KT191911,0
KT191913,1
KT191914,0
KT191915,0
KT191916,1
KT191917,2
KT191918,2
KT191919,1
KT191920,0
KT191921,0
KT191922,0
KT191923,0
KT191924,0
KT200348,1
KT200349,0
KT200350,0
KT200351,1
KT200352,1
KT200353,0
KT200354,0
KT200355,0
KT200356,0
KT200357,1
KT200358,1
KT427677,0
KT427752,2
KT427814,0
KT427817,1
KT438782,2
KT438783,2
KT438784,1
KU043121,1
KU043124,0
KU043128,0
KU043129,0
KU043130,1
KU043131,0
KU043136,0
KU043137,0
KU043138,0
KU043139,0
KU043140,2
KU043141,1
KU043142,0
KU043144,0
KU043145,1
KU043146,1
KU043147,0
KU043148,1
KU043150,1
KU043151,1
KU043152,1
KU043153,0
KU043155,0
KU043156,0
KU043157,0
KU043158,0
KU043160,0
KU043161,0
KU043162,1
KU168256,3
KU168257,1
KU168258,1
KU168259,3
KU168261,0
KU168262,0
KU168263,1
KU168264,2
KU168265,0
KU168266,0
KU168267,1
KU168268,4
KU168269,0
KU168270,0
KU168271,0
KU168272,1
KU168273,3
KU168274,0
KU168275,1
KU168276,0
KU168277,0
KU168278,2
KU168279,2
KU168280,0
KU168299,0
KU168300,0
KU168301,0
KU168302,0
KU168303,1
KU168304,0
KU168305,2
KU168306,4
KU168308,0
KU378038,0
KU378039,0
KU378040,0
KU378041,0
KU378042,0
KU378043,0
KU378045,0
KU378046,0
KU749399,0
KU749400,1
KU749401,2
KU749402,2
KU749403,0
KU749404,0
KU749405,0
KU749406,1
KU749407,0
KU749409,1
KU749410,1
KU749411,2
KU749412,0
KU749413,0
KU749414,0
KU749416,0
KU749417,2
KU749418,0
KU749420,1
KU749421,1
KU749422,0
KU749423,1
KU749424,0
KU749425,1
KU749426,0
KU749428,2
KU749429,0
KU749430,0
KU749431,0
KU921861,3
KU921866,2
KU921868,2
KU921872,1
KU921874,0
KU921885,0
KU921893,1
KU921897,0
KU921901,3
KU921904,2
KU921908,0
KU921915,1
KU921918,0
KU921922,1
KU921926,0
KU921930,2
KU921934,0
KU921939,1
KU921942,2
KU921945,0
KU921948,0
KU921957,0
KU921959,0
KU921962,0
KU921971,2
KU921975,0
KU921979,1
KU921983,1
KU921987,0
KU921991,3
KU921995,3
KU921999,1
KU922006,1
KU922008,1
KU922011,1
KU922015,0
KU922017,0
KU922020,1
KU922028,1
KU922031,2
KU922034,2
KU922043,4
KU922046,2
KU922047,0
KU922051,0
KU922055,0
KU922059,0
KU922063,2
KU922065,0
KU922069,1
KU922077,0
KU992928,0
KU992929,0
KU992930,0
KU992932,1
KU992933,0
KU992934,0
KU992935,0
KU992937,1
KX198562,22
KX198563,0
KX198564,0
KX198568,0
KX198569,0
KX198571,1
KX198572,0
KX198573,0
KX198574,0
KX198575,0
KX198576,0
KX198577,0
KX198578,0
KX198579,0
KX198581,0
KX198582,2
KX198583,0
KX198584,0
KX198585,0
KX198586,0
KX232596,0
KX232597,0
KX232600,0
KX232601,0
KX232605,0
KX232607,1
KX232609,0
KX232610,0
KX232611,1
KX232612,0
KX232613,1
KX232614,0
KX232615,1
KX232616,0
KX232617,2
KX232618,1
KX232619,0
KX232620,1
KX232621,0
KX232622,0
KX232623,1
KX232624,0
KX232625,0
KX232627,1
KX232628,0
KX232629,0
KX233975,5
KX233976,0
KX233978,1
KX233979,0
KX233980,0
KX233982,3
KX233983,0
KX233984,0
KX233985,2
KX233988,0
KX233989,0
KX233990,2
KX233992,3
KX233993,1
KX233994,2
KX233995,0
KX233996,0
KX233997,7
KX233998,2
KX233999,0
KX234000,6
KX234002,1
KX234004,2
KX234005,0
KX234006,8
KX234008,1
KX234009,0
KX234010,11
KX234011,1
KX234013,2
KX234014,0
KX234015,2
KX234016,0
KX234017,2
KX234018,1
KX234019,5
KX234020,3
KX234021,1
KX234022,2
KX234023,2
KX234024,1
KX234025,0
KX234026,4
KX234027,7
KX234028,2
KX234029,4
KX234030,1
KX234031,1
KX234032,1
KX234035,4
KX234036,4
KX234037,0
KX234038,0
KX234039,1
KX234041,3
KX234042,15
KX234044,0
KX234045,1
KX234046,2
KX234049,6
KX234051,2
KX234052,1
KX234053,0
KX234054,3
KX234055,2
KX234056,1
KX234057,9
KX234058,0
KX234059,0
KX234060,2
KX234061,1
KX234062,1
KX234063,1
KX234064,2
KX234065,1
KX234066,0
KX234067,2
KX234068,17
KX234069,6
KX234070,0
KX234072,5
KX234073,3
KX234074,2
KX234075,3
KX234076,1
KX234077,3
KX302403,0
KX302407,1
KX302409,0
KX302414,0
KX302420,0
KX302424,0
KX302472,2
KX302478,1
KX302482,0
KX302489,1
KX302497,3
KX302507,2
KX302551,1
KX302563,1
KX302569,1
KX302580,0
KX377087,2
KX377088,0
KX377089,1
KX377090,1
KX377091,0
KX377092,1
KX377093,2
KX377094,0
KX377095,3
KX377096,1
KX377097,9
KX377098,1
KX377099,0
KX377100,6
KX377101,0
KX377102,7
KX377103,2
KX377104,2
KX377105,0
KX377106,4
KX377108,1
KX377109,1
KX377110,1
KX377111,0
KX377112,0
KX377113,1
KX377114,1
KX377115,1
KX389608,0
KX389609,1
KX389610,0
KX389611,0
KX389612,0
KX389613,2
KX389614,1
KX389615,0
KX389616,2
KX389617,1
KX389618,0
KX389619,1
KX389620,0
KX389621,0
KX389622,0
KX389623,0
KX389624,1
KX389625,1
KX389626,0
KX389628,0
KX389629,0
KX389630,1
KX389631,3
KX389632,1
KX389633,2
KX389634,0
KX389635,1
KX389636,1
KX389637,0
KX389638,0
KX389639,1
KX389640,1
KX389641,0
KX389642,1
KX389643,0
KX389644,1
KX389645,0
KX389646,0
KX389647,0
KX389648,2
KX389649,1
KX505393,2
KX505423,0
KX505436,0
KX505475,0
KX505504,0
KX505572,0
KX505583,2
KX505609,0
KX505652,0
KX505670,1
KX505699,0
KX505729,0
KX907336,3
KX907339,1
KX907347,1
KX907349,0
KX907350,1
KX907359,0
KX907360,0
KX907362,0
KX907363,0
KX907367,1
KX907369,0
KX907371,0
KX907375,1
KX907378,2
KX907381,1
KX907383,0
KX907386,1
KX907387,1
KX907390,1
KX907391,0
KX907393,1
KX907396,0
KX907399,1
KX907400,0
KX907402,0
KX907405,0
KX907412,0
KX907414,0
KX907421,0
KX907423,0
KX907425,0
KX907429,0
KX907431,1
KX907433,0
KY111987,0
KY112056,0
KY112082,2
KY112127,0
KY112136,0
KY112197,0
KY112251,0
KY112259,0
KY112360,0
KY112429,0
KY112461,0
KY112522,0
KY112577,0
KY392767,2
KY392768,2
KY392769,0
KY392771,0
KY392772,0
KY392773,0
KY392774,4
KY392775,1
KY392776,4
KY392777,1
KY392778,0
KY392779,4
KY392780,3
KY580512,2
KY580541,1
KY580643,0
KY580684,0
KY658683,3
KY658684,1
KY658685,2
KY658686,0
KY658687,0
KY658688,0
KY658689,0
KY658690,1
KY658691,0
KY658692,1
KY658694,2
KY658695,2
KY658696,1
KY658697,2
KY658698,1
KY658699,0
KY658702,0
KY658705,11
KY658706,0
U88822,1
U88823,1
U88824,1
U88825,2
U88826,6
