Group,Pos,PreAA,PostAA,NumPts,PrePrev,PostPrev,Fold,LogFold
PIs,12,E,D,1,17.497,0.768,22.783,1.36
PIs,18,K,R,1,80.142,17.085,4.691,0.67
PIs,28,R,K,1,9.948,48.876,0.204,-0.69
PIs,34,L,I,1,58.411,39.303,1.486,0.17
PIs,34,L,V,1,58.411,0.880,66.376,1.82
PIs,55,E,A,1,84.301,1.723,48.927,1.69
PIs,59,K,M,1,2.398,0.000,100.000,2.00
PIs,65,Q,H,1,89.116,7.943,11.219,1.05
PIs,66,P,S,1,84.414,14.650,5.762,0.76
PIs,67,S,A,1,25.496,59.086,0.432,-0.37
PIs,67,A,S,2,59.086,25.496,2.317,0.37
PIs,68,L,F,1,92.413,0.281,328.872,2.52
PIs,72,T,S,1,47.265,52.304,0.904,-0.04
PIs,75,I,L,1,6.594,87.336,0.076,-1.12
PIs,79,F,Y,1,50.824,44.380,1.145,0.06
PIs,81,A,T,1,6.782,90.259,0.075,-1.12
PIs,82,I,V,2,16.523,79.131,0.209,-0.68
PIs,91,K,G,1,24.822,16.561,1.499,0.18
PIs,95,K,R,1,51.723,39.003,1.326,0.12
PIs,102,E,D,1,11.783,87.055,0.135,-0.87
PIs,104,L,I,1,6.650,81.941,0.081,-1.09
PIs,109,S,N,1,2.154,82.091,0.026,-1.58
PIs,109,N,S,1,82.091,2.154,38.111,1.58
PIs,111,S,C,1,74.953,9.348,8.018,0.90
PIs,114,K,R,1,86.774,3.822,22.704,1.36
PIs,114,A,T,1,0.187,1.012,0.185,-0.73
PIs,115,T,A,1,53.447,36.737,1.455,0.16
PIs,115,A,T,2,36.737,53.447,0.687,-0.16
PIs,125,K,R,1,0.562,0.487,1.154,0.06
PIs,126,S,N,1,49.756,4.234,11.752,1.07
PIs,146,A,P,1,48.520,36.624,1.325,0.12
PIs,147,I,L,1,54.028,35.032,1.542,0.19
PIs,148,T,S,1,1.798,97.490,0.018,-1.73
PIs,211,E,K,1,92.525,0.075,1000.000,3.00
PIs,219,Q,H,3,22.424,74.391,0.301,-0.52
PIs,219,H,Q,1,74.391,22.424,3.317,0.52
PIs,223,V,A,1,29.543,2.379,12.418,1.09
PIs,223,V,I,4,29.543,55.732,0.530,-0.28
PIs,223,I,V,1,55.732,29.543,1.886,0.28
PIs,228,I,M,1,14.537,75.478,0.193,-0.72
PIs,247,V,I,1,4.009,93.780,0.043,-1.37
PIs,248,G,A,1,41.270,45.298,0.911,-0.04
PIs,252,H,N,1,6.032,32.653,0.185,-0.73
PIs,252,S,N,1,42.544,32.653,1.303,0.11
PIs,252,N,S,1,32.653,42.544,0.768,-0.11
PIs,280,V,I,1,67.722,1.630,41.547,1.62
PIs,310,PT,S,1,NA,NA,NA,NA
PIs,312,E,D,1,53.597,45.335,1.182,0.07
PIs,370,M,V,1,1.667,39.846,0.042,-1.38
PIs,370,F,Y,1,0.019,0.000,1.000,0.00
PIs,371,T,N,1,33.065,32.091,1.030,0.01
PIs,372,N,-,1,50.618,0.000,1000.000,3.00
PIs,372,N,H,1,50.618,11.146,4.541,0.66
PIs,372,N,S,1,50.618,17.291,2.927,0.47
PIs,373,I,M,1,2.623,0.656,3.998,0.60
PIs,373,S,P,1,20.794,10.378,2.004,0.30
PIs,373,P,S,1,10.378,20.794,0.499,-0.30
PIs,374,A,T,1,20.626,7.287,2.831,0.45
PIs,375,N,A,1,46.516,10.210,4.556,0.66
PIs,376,I,T,1,81.978,0.375,218.608,2.34
PIs,378,M,I,2,95.223,2.679,35.544,1.55
PIs,380,K,R,2,22.799,73.623,0.310,-0.51
PIs,381,S,G,1,30.461,61.053,0.499,-0.30
PIs,384,K,R,1,63.657,33.758,1.886,0.28
PIs,385,N,S,1,26.171,3.372,7.761,0.89
PIs,388,R,K,1,43.631,32.184,1.356,0.13
PIs,388,K,R,1,32.184,43.631,0.738,-0.13
PIs,389,NS,I,1,NA,NA,NA,NA
PIs,389,S,I,1,2.979,39.060,0.076,-1.12
PIs,401,I,L,1,63.638,33.777,1.884,0.28
PIs,401,I,V,1,63.638,1.255,50.708,1.71
PIs,403,K,R,1,33.290,65.287,0.510,-0.29
PIs,406,R,K,1,93.443,5.995,15.587,1.19
PIs,418,R,K,1,10.041,83.252,0.121,-0.92
PIs,425,E,D,2,3.466,95.635,0.036,-1.44
PIs,427,T,S,1,88.741,1.461,60.740,1.78
PIs,429,K,R,1,1.105,97.752,0.011,-1.95
PIs,436,K,R,1,89.472,9.592,9.328,0.97
PIs,441,S,P,1,8.055,0.393,20.496,1.31
PIs,442,S,N,1,0.487,0.393,1.239,0.09
PIs,451,N,S,1,27.182,69.296,0.392,-0.41
PIs,453,L,P,1,8.861,83.514,0.106,-0.97
PIs,456,S,T,1,11.746,87.392,0.134,-0.87
PIs,460,A,E,1,67.685,28.157,2.404,0.38
PIs,463,F,L,1,81.360,3.297,24.677,1.39
PIs,464,Q,K,1,0.262,6.313,0.042,-1.38
PIs,468,E,G,1,92.151,3.466,26.587,1.42
PIs,469,T,A,1,68.490,2.979,22.991,1.36
PIs,469,IT,M,1,NA,NA,NA,NA
PIs,470,T,I,1,24.035,0.506,47.500,1.68
PIs,471,T,P,1,75.159,2.473,30.392,1.48
PIs,474,Q,R,1,39.846,0.599,66.521,1.82
PIs,477,E,G,1,92.132,2.267,40.640,1.61
PIs,480,D,E,1,87.355,4.028,21.687,1.34
PIs,482,D,E,1,8.524,82.877,0.103,-0.99
PIs,483,M,T,1,3.541,0.918,3.857,0.59
PIs,490,R,K,2,20.438,78.494,0.260,-0.58
PIs,495,N,S,1,64.069,34.076,1.880,0.27
PIs,499,S,L,1,92.919,5.227,17.777,1.25
NNRTIs,7,I,V,1,38.179,60.247,0.634,-0.20
NNRTIs,15,R,K,1,23.155,30.067,0.770,-0.11
NNRTIs,28,Q,K,1,11.634,48.876,0.238,-0.62
NNRTIs,42,D,E,1,3.541,95.335,0.037,-1.43
NNRTIs,45,S,A,1,0.787,98.726,0.008,-2.10
NNRTIs,46,I,V,1,5.302,27.857,0.190,-0.72
NNRTIs,54,S,T,1,54.552,4.777,11.420,1.06
NNRTIs,58,R,K,1,30.929,42.113,0.734,-0.13
NNRTIs,58,G,R,1,0.037,30.929,0.001,-2.92
NNRTIs,61,L,M,1,34.170,24.260,1.408,0.15
NNRTIs,62,E,A,1,28.887,2.960,9.759,0.99
NNRTIs,62,R,G,1,4.833,21.506,0.225,-0.65
NNRTIs,63,H,Q,1,0.225,98.932,0.002,-2.64
NNRTIs,66,S,P,1,14.650,84.414,0.174,-0.76
NNRTIs,69,Q,K,1,65.586,26.433,2.481,0.39
NNRTIs,75,L,I,1,87.336,6.594,13.245,1.12
NNRTIs,79,Y,F,2,44.380,50.824,0.873,-0.06
NNRTIs,81,S,T,1,0.075,90.259,0.001,-3.00
NNRTIs,84,I,T,1,0.019,72.836,0.001,-3.00
NNRTIs,92,I,V,1,95.598,1.836,52.069,1.72
NNRTIs,94,V,I,1,78.794,19.914,3.957,0.60
NNRTIs,95,K,R,1,51.723,39.003,1.326,0.12
NNRTIs,104,I,V,1,81.941,7.587,10.800,1.03
NNRTIs,109,D,N,1,0.693,82.091,0.008,-2.07
NNRTIs,110,K,M,1,92.151,0.000,1000.000,3.00
NNRTIs,114,Q,K,1,3.915,86.774,0.045,-1.35
NNRTIs,116,Q,A,1,91.570,0.000,1000.000,3.00
NNRTIs,116,A,Q,1,0.000,91.570,0.001,-3.00
NNRTIs,117,-,Q,1,0.000,91.795,0.001,-3.00
NNRTIs,118,A,V,1,84.976,0.993,85.575,1.93
NNRTIs,119,A,V,1,57.456,0.824,69.728,1.84
NNRTIs,120,T,A,1,3.391,91.738,0.037,-1.43
NNRTIs,122,A,T,2,6.107,48.614,0.126,-0.90
NNRTIs,124,N,K,1,34.058,1.517,22.451,1.35
NNRTIs,124,K,N,1,1.517,34.058,0.045,-1.35
NNRTIs,124,K,R,1,1.517,0.037,41.000,1.61
NNRTIs,125,K,S,1,0.562,39.659,0.014,-1.85
NNRTIs,126,S,Q,1,49.756,0.019,1000.000,3.00
NNRTIs,127,Q,I,1,32.934,0.150,219.560,2.34
NNRTIs,127,Q,P,1,32.934,1.836,17.938,1.25
NNRTIs,132,Y,F,1,96.797,2.866,33.774,1.53
NNRTIs,146,A,P,1,48.520,36.624,1.325,0.12
NNRTIs,147,I,L,1,54.028,35.032,1.542,0.19
NNRTIs,173,S,T,1,50.581,46.740,1.082,0.03
NNRTIs,223,I,V,1,55.732,29.543,1.886,0.28
NNRTIs,252,N,H,1,32.653,6.032,5.413,0.73
NNRTIs,252,N,S,1,32.653,42.544,0.768,-0.11
NNRTIs,260,D,E,1,48.913,50.225,0.974,-0.01
NNRTIs,312,E,D,1,53.597,45.335,1.182,0.07
NNRTIs,312,D,E,1,45.335,53.597,0.846,-0.07
NNRTIs,352,G,E,1,99.944,0.000,1000.000,3.00
NNRTIs,371,A,T,1,0.412,33.065,0.012,-1.90
NNRTIs,371,N,T,1,32.091,33.065,0.971,-0.01
NNRTIs,372,S,G,1,17.291,4.833,3.578,0.55
NNRTIs,372,-,N,1,0.000,50.618,0.001,-3.00
NNRTIs,373,S,T,1,20.794,24.747,0.840,-0.08
NNRTIs,375,A,N,1,10.210,46.516,0.219,-0.66
NNRTIs,375,A,T,2,10.210,18.752,0.544,-0.26
NNRTIs,385,K,N,1,0.225,26.171,0.009,-2.07
NNRTIs,387,K,R,1,46.160,50.768,0.909,-0.04
NNRTIs,397,K,R,1,92.413,7.081,13.051,1.12
NNRTIs,398,D,E,1,2.342,91.757,0.026,-1.59
NNRTIs,401,I,V,1,63.638,1.255,50.708,1.71
NNRTIs,403,K,R,1,33.290,65.287,0.510,-0.29
NNRTIs,410,K,R,1,98.052,1.667,58.819,1.77
NNRTIs,427,V,I,1,0.169,1.780,0.095,-1.02
NNRTIs,427,P,T,1,0.356,88.741,0.004,-2.40
NNRTIs,427,S,T,1,1.461,88.741,0.016,-1.78
NNRTIs,441,S,N,1,8.055,17.422,0.462,-0.34
NNRTIs,453,L,P,1,8.861,83.514,0.106,-0.97
NNRTIs,455,-,P,1,0.000,99.813,0.001,-3.00
NNRTIs,456,S,T,1,11.746,87.392,0.134,-0.87
NNRTIs,460,A,E,1,67.685,28.157,2.404,0.38
NNRTIs,463,F,L,2,81.360,3.297,24.677,1.39
NNRTIs,471,T,S,1,75.159,0.581,129.361,2.11
NNRTIs,473,S,P,1,33.496,17.628,1.900,0.28
NNRTIs,477,E,D,1,92.132,2.136,43.133,1.63
NNRTIs,479,G,E,1,0.937,0.937,1.000,0.00
NNRTIs,479,V,I,1,1.124,22.181,0.051,-1.30
NNRTIs,479,I,T,1,22.181,4.346,5.104,0.71
NNRTIs,480,D,L,1,87.355,0.000,1000.000,3.00
NNRTIs,481,K,N,1,48.726,0.450,108.280,2.03
NNRTIs,482,D,P,1,8.524,0.674,12.647,1.10
NNRTIs,484,N,V,1,0.206,0.056,3.679,0.57
NNRTIs,485,P,S,1,95.710,0.037,1000.000,3.00
NNRTIs,487,A,T,1,27.613,41.888,0.659,-0.18
NNRTIs,490,K,R,1,78.494,20.438,3.841,0.58
NNRTIs,498,L,S,1,59.816,27.819,2.150,0.33
