Group,Pos,PreAA,PostAA,NumPts,PrePrev,PostPrev,Fold,LogFold
PIs,12,E,D,1,17.623,0.825,21.361,1.33
PIs,18,K,R,1,80.035,18.737,4.271,0.63
PIs,28,R,K,1,10.251,48.627,0.211,-0.68
PIs,34,L,I,1,59.416,39.163,1.517,0.18
PIs,34,L,V,1,59.416,1.056,56.265,1.75
PIs,55,E,A,1,84.085,1.843,45.624,1.66
PIs,59,K,M,1,2.419,0.000,100.000,2.00
PIs,65,Q,H,1,89.000,8.908,9.991,1.00
PIs,66,P,S,1,84.200,15.454,5.448,0.74
PIs,67,S,A,1,25.322,60.223,0.420,-0.38
PIs,67,A,S,2,60.223,25.322,2.378,0.38
PIs,68,L,F,1,92.647,0.614,150.891,2.18
PIs,72,T,S,1,47.879,52.006,0.921,-0.04
PIs,75,I,L,1,7.449,87.387,0.085,-1.07
PIs,79,F,Y,1,52.505,44.001,1.193,0.08
PIs,81,A,T,1,7.717,90.113,0.086,-1.07
PIs,82,I,V,2,18.257,79.190,0.231,-0.64
PIs,91,K,G,1,26.166,16.951,1.544,0.19
PIs,95,K,R,1,51.622,39.585,1.304,0.12
PIs,102,E,D,1,11.499,87.579,0.131,-0.88
PIs,104,L,I,1,6.585,82.223,0.080,-1.10
PIs,109,S,N,1,2.419,81.820,0.030,-1.53
PIs,109,N,S,1,81.820,2.419,33.824,1.53
PIs,111,S,C,1,74.736,10.232,7.304,0.86
PIs,114,K,R,1,87.022,4.243,20.510,1.31
PIs,114,A,T,1,0.192,1.094,0.176,-0.76
PIs,115,T,A,1,54.579,36.322,1.503,0.18
PIs,115,A,T,2,36.322,54.579,0.665,-0.18
PIs,125,K,R,1,0.614,0.499,1.230,0.09
PIs,126,S,N,1,49.491,4.531,10.923,1.04
PIs,146,A,P,1,48.013,37.416,1.283,0.11
PIs,147,I,L,1,53.868,36.187,1.489,0.17
PIs,148,T,S,1,1.901,97.447,0.020,-1.71
PIs,211,E,K,1,92.475,0.096,963.281,2.98
PIs,219,Q,H,3,23.306,74.602,0.312,-0.51
PIs,219,H,Q,1,74.602,23.306,3.201,0.51
PIs,223,V,A,1,31.177,2.304,13.532,1.13
PIs,223,V,I,4,31.177,55.577,0.561,-0.25
PIs,223,I,V,1,55.577,31.177,1.783,0.25
PIs,228,I,M,1,15.262,75.581,0.202,-0.69
PIs,247,V,I,1,4.319,93.799,0.046,-1.34
PIs,248,G,A,1,41.102,45.690,0.900,-0.05
PIs,252,H,N,1,6.220,32.847,0.189,-0.72
PIs,252,S,N,1,43.271,32.847,1.317,0.12
PIs,252,N,S,1,32.847,43.271,0.759,-0.12
PIs,280,V,I,1,67.748,1.843,36.760,1.57
PIs,310,PT,S,1,NA,NA,NA,NA
PIs,312,E,D,1,53.580,46.266,1.158,0.06
PIs,370,M,V,1,1.632,39.969,0.041,-1.39
PIs,370,F,Y,1,0.019,0.000,1.000,0.00
PIs,371,T,N,1,32.847,32.540,1.009,0.00
PIs,372,N,-,1,50.394,0.000,1000.000,3.00
PIs,372,N,H,1,50.394,11.691,4.310,0.63
PIs,372,N,S,1,50.394,18.372,2.743,0.44
PIs,373,I,M,1,2.630,0.653,4.028,0.61
PIs,373,S,P,1,20.445,10.981,1.862,0.27
PIs,373,P,S,1,10.981,20.445,0.537,-0.27
PIs,374,A,T,1,20.349,7.679,2.650,0.42
PIs,375,N,A,1,46.880,10.597,4.424,0.65
PIs,376,I,T,1,81.993,0.365,224.638,2.35
PIs,378,M,I,2,95.143,2.956,32.186,1.51
PIs,380,K,R,2,23.786,73.719,0.323,-0.49
PIs,381,S,G,1,31.254,61.087,0.512,-0.29
PIs,384,K,R,1,64.273,33.519,1.918,0.28
PIs,385,N,S,1,26.262,3.571,7.354,0.87
PIs,388,R,K,1,44.481,32.175,1.382,0.14
PIs,388,K,R,1,32.175,44.481,0.723,-0.14
PIs,389,NS,I,1,NA,NA,NA,NA
PIs,389,S,I,1,2.899,40.219,0.072,-1.14
PIs,401,I,L,1,63.621,34.018,1.870,0.27
PIs,401,I,V,1,63.621,1.459,43.606,1.64
PIs,403,K,R,1,33.250,66.539,0.500,-0.30
PIs,406,R,K,1,93.626,6.124,15.288,1.18
PIs,418,R,K,1,10.751,83.452,0.129,-0.89
PIs,425,E,D,2,4.185,95.469,0.044,-1.36
PIs,427,T,S,1,88.750,1.593,55.712,1.75
PIs,429,K,R,1,1.286,97.696,0.013,-1.88
PIs,436,K,R,1,89.403,10.271,8.704,0.94
PIs,441,S,P,1,7.813,0.518,15.083,1.18
PIs,442,S,N,1,0.518,0.384,1.349,0.13
PIs,451,N,S,1,28.163,69.265,0.407,-0.39
PIs,453,L,P,1,9.407,83.375,0.113,-0.95
PIs,456,S,T,1,12.306,87.426,0.141,-0.85
PIs,460,A,E,1,67.940,28.316,2.399,0.38
PIs,463,F,L,1,81.263,3.436,23.650,1.37
PIs,464,Q,K,1,0.269,6.796,0.040,-1.40
PIs,468,E,G,1,91.687,3.878,23.643,1.37
PIs,469,T,A,1,68.842,3.494,19.703,1.29
PIs,469,IT,M,1,NA,NA,NA,NA
PIs,470,T,I,1,24.112,0.614,39.270,1.59
PIs,471,T,P,1,74.755,2.649,28.220,1.45
PIs,474,Q,R,1,39.854,0.634,62.861,1.80
PIs,477,E,G,1,92.071,2.496,36.887,1.57
PIs,480,D,E,1,87.502,4.127,21.202,1.33
PIs,482,D,E,1,8.869,83.010,0.107,-0.97
PIs,483,M,T,1,3.667,0.902,4.065,0.61
PIs,490,R,K,2,20.388,79.459,0.257,-0.59
PIs,495,N,S,1,64.197,35.496,1.809,0.26
PIs,499,S,L,1,92.955,5.644,16.470,1.22
NNRTIs,7,I,V,1,39.585,59.896,0.661,-0.18
NNRTIs,15,R,K,1,23.248,30.812,0.755,-0.12
NNRTIs,28,Q,K,1,11.672,48.627,0.240,-0.62
NNRTIs,42,D,E,1,3.705,95.373,0.039,-1.41
NNRTIs,45,S,A,1,0.998,98.637,0.010,-1.99
NNRTIs,46,I,V,1,5.548,27.587,0.201,-0.70
NNRTIs,54,S,T,1,54.809,4.665,11.749,1.07
NNRTIs,58,R,K,1,30.678,43.751,0.701,-0.15
NNRTIs,58,G,R,1,0.058,30.678,0.002,-2.72
NNRTIs,61,L,M,1,33.999,24.726,1.375,0.14
NNRTIs,62,E,A,1,29.238,2.976,9.825,0.99
NNRTIs,62,R,G,1,5.030,21.232,0.237,-0.63
NNRTIs,63,H,Q,1,0.288,98.925,0.003,-2.54
NNRTIs,66,S,P,1,15.454,84.200,0.184,-0.74
NNRTIs,69,Q,K,1,65.483,27.241,2.404,0.38
NNRTIs,75,L,I,1,87.387,7.449,11.731,1.07
NNRTIs,79,Y,F,2,44.001,52.505,0.838,-0.08
NNRTIs,81,S,T,1,0.096,90.113,0.001,-2.97
NNRTIs,84,I,T,1,0.038,72.874,0.001,-3.00
NNRTIs,92,I,V,1,95.604,2.150,44.467,1.65
NNRTIs,94,V,I,1,78.864,20.925,3.769,0.58
NNRTIs,95,K,R,1,51.622,39.585,1.304,0.12
NNRTIs,104,I,V,1,82.223,8.332,9.868,0.99
NNRTIs,109,D,N,1,0.825,81.820,0.010,-2.00
NNRTIs,110,K,M,1,92.225,0.000,1000.000,3.00
NNRTIs,114,Q,K,1,4.012,87.022,0.046,-1.34
NNRTIs,116,Q,A,1,91.361,0.000,1000.000,3.00
NNRTIs,116,A,Q,1,0.000,91.361,0.001,-3.00
NNRTIs,117,-,Q,1,0.000,91.726,0.001,-3.00
NNRTIs,118,A,V,1,84.949,1.190,71.386,1.85
NNRTIs,119,A,V,1,57.362,0.902,63.594,1.80
NNRTIs,120,T,A,1,3.859,91.649,0.042,-1.38
NNRTIs,122,A,T,2,6.393,48.301,0.132,-0.88
NNRTIs,124,N,K,1,33.615,1.632,20.597,1.31
NNRTIs,124,K,N,1,1.632,33.615,0.049,-1.31
NNRTIs,124,K,R,1,1.632,0.038,42.947,1.63
NNRTIs,125,K,S,1,0.614,39.393,0.016,-1.81
NNRTIs,126,S,Q,1,49.491,0.038,1000.000,3.00
NNRTIs,127,Q,I,1,32.521,0.154,211.175,2.32
NNRTIs,127,Q,P,1,32.521,1.881,17.289,1.24
NNRTIs,132,Y,F,1,96.756,2.976,32.512,1.51
NNRTIs,146,A,P,1,48.013,37.416,1.283,0.11
NNRTIs,147,I,L,1,53.868,36.187,1.489,0.17
NNRTIs,173,S,T,1,50.470,47.322,1.067,0.03
NNRTIs,223,I,V,1,55.577,31.177,1.783,0.25
NNRTIs,252,N,H,1,32.847,6.220,5.281,0.72
NNRTIs,252,N,S,1,32.847,43.271,0.759,-0.12
NNRTIs,260,D,E,1,50.048,49.587,1.009,0.00
NNRTIs,312,E,D,1,53.580,46.266,1.158,0.06
NNRTIs,312,D,E,1,46.266,53.580,0.863,-0.06
NNRTIs,352,G,E,1,99.942,0.000,1000.000,3.00
NNRTIs,371,A,T,1,0.480,32.847,0.015,-1.84
NNRTIs,371,N,T,1,32.540,32.847,0.991,-0.00
NNRTIs,372,S,G,1,18.372,4.761,3.859,0.59
NNRTIs,372,-,N,1,0.000,50.394,0.001,-3.00
NNRTIs,373,S,T,1,20.445,24.669,0.829,-0.08
NNRTIs,375,A,N,1,10.597,46.880,0.226,-0.65
NNRTIs,375,A,T,2,10.597,18.487,0.573,-0.24
NNRTIs,385,K,N,1,0.269,26.262,0.010,-1.99
NNRTIs,387,K,R,1,47.687,50.413,0.946,-0.02
NNRTIs,397,K,R,1,92.359,7.545,12.241,1.09
NNRTIs,398,D,E,1,2.419,91.649,0.026,-1.58
NNRTIs,401,I,V,1,63.621,1.459,43.606,1.64
NNRTIs,403,K,R,1,33.250,66.539,0.500,-0.30
NNRTIs,410,K,R,1,98.157,1.766,55.582,1.74
NNRTIs,427,V,I,1,0.173,2.112,0.082,-1.09
NNRTIs,427,P,T,1,0.538,88.750,0.006,-2.22
NNRTIs,427,S,T,1,1.593,88.750,0.018,-1.75
NNRTIs,441,S,N,1,7.813,17.796,0.439,-0.36
NNRTIs,453,L,P,1,9.407,83.375,0.113,-0.95
NNRTIs,455,-,P,1,0.000,99.827,0.001,-3.00
NNRTIs,456,S,T,1,12.306,87.426,0.141,-0.85
NNRTIs,460,A,E,1,67.940,28.316,2.399,0.38
NNRTIs,463,F,L,2,81.263,3.436,23.650,1.37
NNRTIs,471,T,S,1,74.755,0.634,117.910,2.07
NNRTIs,473,S,P,1,32.521,18.391,1.768,0.25
NNRTIs,477,E,D,1,92.071,2.342,39.313,1.59
NNRTIs,479,G,E,1,0.921,0.902,1.021,0.01
NNRTIs,479,V,I,1,1.286,22.288,0.058,-1.24
NNRTIs,479,I,T,1,22.288,4.665,4.778,0.68
NNRTIs,480,D,L,1,87.502,0.000,1000.000,3.00
NNRTIs,481,K,N,1,48.685,0.672,72.448,1.86
NNRTIs,482,D,P,1,8.869,0.672,13.198,1.12
NNRTIs,484,N,V,1,0.211,0.058,3.638,0.56
NNRTIs,485,P,S,1,95.719,0.038,1000.000,3.00
NNRTIs,487,A,T,1,27.184,42.619,0.638,-0.20
NNRTIs,490,K,R,1,79.459,20.388,3.897,0.59
NNRTIs,498,L,S,1,60.664,27.913,2.173,0.34
